"","V1","V2.x","V3","V4","V2.y"
"1","01101",64910,57893,89.19,"北海道札幌市中央区"
"2","01102",141700,141496,99.86,"北海道札幌市北区"
"3","01103",112693,86091,76.39,"北海道札幌市東区"
"4","01104",77965,46056,59.07,"北海道札幌市白石区"
"5","01105",66245,66245,100,"北海道札幌市豊平区"
"6","01106",125762,125762,100,"北海道札幌市南区"
"7","01107",85159,42080,49.41,"北海道札幌市西区"
"8","01108",39042,30725,78.7,"北海道札幌市厚別区"
"9","01109",69718,50418,72.32,"北海道札幌市手稲区"
"10","01110",65165,65165,100,"北海道札幌市清田区"
"11","01202",226247,183344,81.04,"北海道函館市"
"12","01203",124819,113813,91.18,"北海道小樽市"
"13","01204",320497,274845,85.76,"北海道旭川市"
"14","01205",76380,61010,79.88,"北海道室蘭市"
"15","01206",182726,85497,46.79,"北海道釧路市"
"16","01207",159157,141152,88.69,"北海道帯広市"
"17","01208",183653,175628,95.63,"北海道北見市"
"18","01209",13956,12390,88.78,"北海道夕張市"
"19","01210",141147,136218,96.51,"北海道岩見沢市"
"20","01211",75422,75422,100,"北海道網走市"
"21","01212",32655,23655,72.44,"北海道留萌市"
"22","01213",132667,97269,73.32,"北海道苫小牧市"
"23","01214",61134,55394,90.61,"北海道稚内市"
"24","01215",54233,52773,97.31,"北海道美唄市"
"25","01216",38916,34939,89.78,"北海道芦別市"
"26","01217",91541,76571,83.65,"北海道江別市"
"27","01218",18123,15785,87.1,"北海道赤平市"
"28","01219",52366,48614,92.84,"北海道紋別市"
"29","01220",85758,76714,89.45,"北海道士別市"
"30","01221",73623,59743,81.15,"北海道名寄市"
"31","01222",19422,19422,100,"北海道三笠市"
"32","01223",37883,37883,100,"北海道根室市"
"33","01224",91870,84094,91.54,"北海道千歳市"
"34","01225",58834,57622,97.94,"北海道滝川市"
"35","01226",25145,11705,46.55,"北海道砂川市"
"36","01227",4520,4520,100,"北海道歌志内市"
"37","01228",83641,81434,97.36,"北海道深川市"
"38","01229",63341,21757,34.35,"北海道富良野市"
"39","01230",49617,43183,87.03,"北海道登別市"
"40","01231",54935,53177,96.8,"北海道恵庭市"
"41","01233",90441,85313,94.33,"北海道伊達市"
"42","01234",73275,71897,98.12,"北海道北広島市"
"43","01235",101946,93278,91.5,"北海道石狩市"
"44","01236",74171,72371,97.57,"北海道北斗市"
"45","01303",51445,50031,97.25,"北海道当別町"
"46","01304",12957,12040,92.92,"北海道新篠津村"
"47","01331",36348,36348,100,"北海道松前町"
"48","01332",19926,19894,99.84,"北海道福島町"
"49","01333",21086,20646,97.91,"北海道知内町"
"50","01334",22104,21892,99.04,"北海道木古内町"
"51","01337",55961,55943,99.97,"北海道七飯町"
"52","01343",17355,17355,100,"北海道鹿部町"
"53","01345",58983,8867,15.03,"北海道森町"
"54","01346",64579,63956,99.04,"北海道八雲町"
"55","01347",32076,29089,90.69,"北海道長万部町"
"56","01361",24877,24856,99.92,"北海道江差町"
"57","01362",32805,31592,96.3,"北海道上ノ国町"
"58","01363",33789,33195,98.24,"北海道厚沢部町"
"59","01364",20097,20097,100,"北海道乙部町"
"60","01367",13386,585,4.37,"北海道奥尻町"
"61","01370",39892,33911,85.01,"北海道今金町"
"62","01371",58289,57550,98.73,"北海道せたな町"
"63","01391",17962,17962,100,"北海道島牧村"
"64","01392",20437,20426,99.95,"北海道寿都町"
"65","01393",33353,31083,93.19,"北海道黒松内町"
"66","01394",47174,41811,88.63,"北海道蘭越町"
"67","01395",44307,43154,97.4,"北海道ニセコ町"
"68","01396",29739,29739,100,"北海道真狩村"
"69","01397",21664,21664,100,"北海道留寿都村"
"70","01398",32780,32780,100,"北海道喜茂別町"
"71","01399",33113,33113,100,"北海道京極町"
"72","01400",49854,46269,92.81,"北海道倶知安町"
"73","01401",48454,41011,84.64,"北海道共和町"
"74","01402",17115,13289,77.65,"北海道岩内町"
"75","01403",9586,4515,47.1,"北海道泊村"
"76","01404",8300,1000,12.05,"北海道神恵内村"
"77","01405",22268,22268,100,"北海道積丹町"
"78","01406",12986,11126,85.68,"北海道古平町"
"79","01407",21463,21463,100,"北海道仁木町"
"80","01408",51399,51399,100,"北海道余市町"
"81","01409",15646,15646,100,"北海道赤井川村"
"82","01423",20282,20282,100,"北海道南幌町"
"83","01424",13148,12677,96.42,"北海道奈井江町"
"84","01425",2829,2668,94.31,"北海道上砂川町"
"85","01427",26521,26521,100,"北海道由仁町"
"86","01428",48525,48525,100,"北海道長沼町"
"87","01429",52889,51224,96.85,"北海道栗山町"
"88","01430",20569,19944,96.96,"北海道月形町"
"89","01431",19893,17981,90.39,"北海道浦臼町"
"90","01432",46129,40110,86.95,"北海道新十津川町"
"91","01433",15807,15768,99.75,"北海道妹背牛町"
"92","01434",13803,13760,99.69,"北海道秩父別町"
"93","01436",24278,24175,99.58,"北海道雨竜町"
"94","01437",22335,22335,100,"北海道北竜町"
"95","01438",28354,28354,100,"北海道沼田町"
"96","01439",21992,20996,95.47,NA
"97","01452",36462,35396,97.08,"北海道鷹栖町"
"98","01453",28024,27081,96.64,"北海道東神楽町"
"99","01454",24944,24772,99.31,"北海道当麻町"
"100","01455",17342,17168,99,"北海道比布町"
"101","01456",17113,17072,99.76,"北海道愛別町"
"102","01457",19226,18833,97.96,"北海道上川町"
"103","01458",19907,13941,70.03,"北海道東川町"
"104","01459",67233,62978,93.67,"北海道美瑛町"
"105","01460",34710,33694,97.07,"北海道上富良野町"
"106","01461",24365,20341,83.48,"北海道中富良野町"
"107","01462",15220,11656,76.58,"北海道南富良野町"
"108","01463",11097,11097,100,"北海道占冠村"
"109","01464",29871,29871,100,"北海道和寒町"
"110","01465",24971,24324,97.41,"北海道剣淵町"
"111","01468",20967,20967,100,"北海道下川町"
"112","01469",24744,24744,100,"北海道美深町"
"113","01470",5084,5084,100,"北海道音威子府村"
"114","01471",13846,13787,99.57,"北海道中川町"
"115","01481",21694,21694,100,"北海道増毛町"
"116","01482",29022,28953,99.76,"北海道小平町"
"117","01483",19799,19799,100,"北海道苫前町"
"118","01484",23394,22087,94.41,"北海道羽幌町"
"119","01485",13918,13918,100,"北海道初山別村"
"120","01486",18875,18875,100,"北海道遠別町"
"121","01487",23209,23165,99.81,"北海道天塩町"
"122","01488",17885,17862,99.87,NA
"123","01511",14352,12184,84.89,"北海道猿払村"
"124","01512",19156,19083,99.62,"北海道浜頓別町"
"125","01513",16890,16890,100,"北海道中頓別町"
"126","01514",50601,50392,99.59,"北海道枝幸町"
"127","01516",27172,26625,97.99,"北海道豊富町"
"128","01517",11494,0,0,"北海道礼文町"
"129","01518",10116,0,0,"北海道利尻町"
"130","01519",13900,1705,12.27,"北海道利尻富士町"
"131","01543",49571,47790,96.41,"北海道美幌町"
"132","01544",28830,28830,100,"北海道津別町"
"133","01545",32204,32204,100,"北海道斜里町"
"134","01546",19884,19884,100,"北海道清里町"
"135","01547",23490,23490,100,"北海道小清水町"
"136","01549",21531,21531,100,"北海道訓子府町"
"137","01550",19069,19069,100,"北海道置戸町"
"138","01552",37670,37670,100,"北海道佐呂間町"
"139","01555",56820,55748,98.11,"北海道遠軽町"
"140","01559",53781,53781,100,"北海道湧別町"
"141","01560",23701,23565,99.43,"北海道滝上町"
"142","01561",25787,25787,100,"北海道興部町"
"143","01562",10537,10537,100,"北海道西興部村"
"144","01563",27377,26421,96.51,"北海道雄武町"
"145","01564",44491,44491,100,"北海道大空町"
"146","01571",38213,34498,90.28,"北海道豊浦町"
"147","01572",2,2,100,NA
"148","01575",22839,22839,100,"北海道壮瞥町"
"149","01578",46550,46550,100,"北海道白老町"
"150","01581",38564,37863,98.18,"北海道厚真町"
"151","01584",39293,39293,100,"北海道洞爺湖町"
"152","01585",40546,40546,100,"北海道安平町"
"153","01586",40622,40243,99.07,"北海道むかわ町"
"154","01601",44912,44749,99.64,"北海道日高町"
"155","01602",32181,32145,99.89,"北海道平取町"
"156","01604",28462,28166,98.96,"北海道新冠町"
"157","01607",36205,36058,99.59,"北海道浦河町"
"158","01608",14120,14061,99.58,"北海道様似町"
"159","01609",15327,15327,100,"北海道えりも町"
"160","01610",60704,59970,98.79,"北海道新ひだか町"
"161","01631",86972,86181,99.09,"北海道音更町"
"162","01632",34409,34409,100,"北海道士幌町"
"163","01633",26089,25303,96.99,"北海道上士幌町"
"164","01634",33878,33878,100,"北海道鹿追町"
"165","01635",31898,30966,97.08,"北海道新得町"
"166","01636",45254,42540,94,"北海道清水町"
"167","01637",58067,57444,98.93,"北海道芽室町"
"168","01638",19964,19964,100,"北海道中札内村"
"169","01639",28245,28245,100,"北海道更別村"
"170","01641",27683,27683,100,"北海道大樹町"
"171","01642",26874,26520,98.68,"北海道広尾町"
"172","01643",72994,71475,97.92,"北海道幕別町"
"173","01644",36023,35354,98.14,"北海道池田町"
"174","01645",32303,31890,98.72,"北海道豊頃町"
"175","01646",40985,39505,96.39,"北海道本別町"
"176","01647",45813,44561,97.27,"北海道足寄町"
"177","01648",23721,23721,100,"北海道陸別町"
"178","01649",34616,34616,100,"北海道浦幌町"
"179","01661",34477,21072,61.12,"北海道釧路町"
"180","01662",29179,27245,93.37,"北海道厚岸町"
"181","01663",32461,32461,100,"北海道浜中町"
"182","01664",60822,55421,91.12,"北海道標茶町"
"183","01665",35942,32081,89.26,"北海道弟子屈町"
"184","01667",28717,23214,80.84,"北海道鶴居村"
"185","01668",36722,35368,96.31,"北海道白糠町"
"186","01691",91198,90852,99.62,"北海道別海町"
"187","01692",52479,52479,100,"北海道中標津町"
"188","01693",17968,17357,96.6,"北海道標津町"
"189","01694",7591,7591,100,"北海道羅臼町"
"190","02201",359869,184196,51.18,"青森県青森市"
"191","02202",326056,227045,69.63,"青森県弘前市"
"192","02203",295443,202879,68.67,"青森県八戸市"
"193","02204",86481,86477,100,"青森県黒石市"
"194","02205",147146,142788,97.04,"青森県五所川原市"
"195","02206",203126,196765,96.87,"青森県十和田市"
"196","02207",66525,62154,93.43,"青森県三沢市"
"197","02208",134386,105740,78.68,"青森県むつ市"
"198","02209",145482,145482,100,"青森県つがる市"
"199","02210",105627,104512,98.94,"青森県平川市"
"200","02301",51753,51255,99.04,"青森県平内町"
"201","02303",20301,20301,100,"青森県今別町"
"202","02304",17087,17087,100,"青森県蓬田村"
"203","02307",38524,38071,98.82,"青森県外ヶ浜町"
"204","02321",56702,56702,100,"青森県鰺ヶ沢町"
"205","02323",53990,53903,99.84,"青森県深浦町"
"206","02343",14637,14637,100,"青森県西目屋村"
"207","02361",39435,39403,99.92,"青森県藤崎町"
"208","02362",41605,41605,100,"青森県大鰐町"
"209","02367",28736,28736,100,"青森県田舎館村"
"210","02381",43628,42504,97.42,"青森県板柳町"
"211","02384",43813,42998,98.14,"青森県鶴田町"
"212","02387",51669,51669,100,"青森県中泊町"
"213","02401",33628,33628,100,"青森県野辺地町"
"214","02402",84729,76770,90.61,"青森県七戸町"
"215","02405",55718,53535,96.08,"青森県六戸町"
"216","02406",29360,29360,100,"青森県横浜町"
"217","02408",99750,99750,100,"青森県東北町"
"218","02411",40148,40148,100,"青森県六ヶ所村"
"219","02412",61740,54869,88.87,"青森県おいらせ町"
"220","02423",13949,13949,100,"青森県大間町"
"221","02424",38476,38209,99.31,"青森県東通村"
"222","02425",9955,9955,100,"青森県風間浦村"
"223","02426",11615,11586,99.75,"青森県佐井村"
"224","02441",53432,53432,100,"青森県三戸町"
"225","02442",88542,88542,100,"青森県五戸町"
"226","02443",42052,42052,100,"青森県田子町"
"227","02445",73994,73994,100,"青森県南部町"
"228","02446",42376,42376,100,"青森県階上町"
"229","02450",33964,33817,99.57,"青森県新郷村"
"230","03201",382269,194724,50.94,"岩手県盛岡市"
"231","03202",152877,83549,54.65,"岩手県宮古市"
"232","03203",103358,99870,96.63,"岩手県大船渡市"
"233","03205",475691,433850,91.2,"岩手県花巻市"
"234","03206",318764,146122,45.84,"岩手県北上市"
"235","03207",111259,107937,97.01,"岩手県久慈市"
"236","03208",177198,128790,72.68,"岩手県遠野市"
"237","03209",610395,593895,97.3,"岩手県一関市"
"238","03210",84561,84000,99.34,"岩手県陸前高田市"
"239","03211",60359,45674,75.67,"岩手県釜石市"
"240","03213",124434,124143,99.77,"岩手県二戸市"
"241","03214",173616,159808,92.05,"岩手県八幡平市"
"242","03215",589698,307988,52.23,"岩手県奥州市"
"243","03216",81071,78330,96.62,"岩手県滝沢市"
"244","03301",104022,95601,91.9,"岩手県雫石町"
"245","03302",43463,43153,99.29,"岩手県葛巻町"
"246","03303",74118,73254,98.83,"岩手県岩手町"
"247","03321",142685,133743,93.73,"岩手県紫波町"
"248","03322",85890,74620,86.88,"岩手県矢巾町"
"249","03366",70004,67757,96.79,"岩手県西和賀町"
"250","03381",88951,54511,61.28,"岩手県金ケ崎町"
"251","03402",41016,35563,86.71,"岩手県平泉町"
"252","03441",39267,39267,100,"岩手県住田町"
"253","03461",34794,10878,31.26,"岩手県大槌町"
"254","03482",49046,25830,52.66,"岩手県山田町"
"255","03483",68797,68797,100,"岩手県岩泉町"
"256","03484",20431,19786,96.84,"岩手県田野畑村"
"257","03485",12634,12249,96.95,"岩手県普代村"
"258","03501",52009,49201,94.6,"岩手県軽米町"
"259","03503",16174,16173,99.99,"岩手県野田村"
"260","03506",32224,32224,100,"岩手県九戸村"
"261","03507",61279,61278,100,"岩手県洋野町"
"262","03524",70309,68159,96.94,"岩手県一戸町"
"263","04101",177452,73059,41.17,"宮城県仙台市青葉区"
"264","04102",104805,14238,13.59,"宮城県仙台市宮城野区"
"265","04103",93294,27411,29.38,"宮城県仙台市若林区"
"266","04104",163716,40770,24.9,"宮城県仙台市太白区"
"267","04105",140113,68828,49.12,"宮城県仙台市泉区"
"268","04202",329228,295904,89.88,"宮城県石巻市"
"269","04203",42855,42815,99.91,"宮城県塩竈市"
"270","04205",164293,135665,82.58,"宮城県気仙沼市"
"271","04206",127138,103517,81.42,"宮城県白石市"
"272","04207",100526,97623,97.11,"宮城県名取市"
"273","04208",132183,110288,83.44,"宮城県角田市"
"274","04209",44100,39639,89.88,"宮城県多賀城市"
"275","04211",67614,63908,94.52,"宮城県岩沼市"
"276","04212",325917,311092,95.45,"宮城県登米市"
"277","04213",412276,387343,93.95,"宮城県栗原市"
"278","04214",99140,93812,94.63,"宮城県東松島市"
"279","04215",398580,392675,98.52,"宮城県大崎市"
"280","04216",45999,38731,84.2,"宮城県富谷市"
"281","04301",68340,56419,82.56,"宮城県蔵王町"
"282","04302",28426,25243,88.8,"宮城県七ヶ宿町"
"283","04321",34454,33924,98.46,"宮城県大河原町"
"284","04322",53083,53077,99.99,"宮城県村田町"
"285","04323",62935,61307,97.41,"宮城県柴田町"
"286","04324",61223,50373,82.28,"宮城県川崎町"
"287","04341",106028,101151,95.4,"宮城県丸森町"
"288","04361",74162,74132,99.96,"宮城県亘理町"
"289","04362",61231,61090,99.77,"宮城県山元町"
"290","04401",38858,35809,92.15,"宮城県松島町"
"291","04404",21536,21219,98.53,"宮城県七ヶ浜町"
"292","04406",36969,36206,97.94,"宮城県利府町"
"293","04421",87679,67542,77.03,"宮城県大和町"
"294","04422",52142,46416,89.02,"宮城県大郷町"
"295","04423",19,9,47.37,NA
"296","04424",35916,28285,78.75,"宮城県大衡村"
"297","04444",42573,40344,94.76,"宮城県色麻町"
"298","04445",125339,123134,98.24,"宮城県加美町"
"299","04501",58939,58793,99.75,"宮城県涌谷町"
"300","04505",65415,59979,91.69,"宮城県美里町"
"301","04581",21567,21567,100,"宮城県女川町"
"302","04606",62076,61779,99.52,"宮城県南三陸町"
"303","05201",617525,135957,22.02,"秋田県秋田市"
"304","05202",242830,97652,40.21,"秋田県能代市"
"305","05203",509419,188399,36.98,"秋田県横手市"
"306","05204",308989,107124,34.67,"秋田県大館市"
"307","05206",150398,114507,76.14,"秋田県男鹿市"
"308","05207",257457,85612,33.25,"秋田県湯沢市"
"309","05209",155056,127101,81.97,"秋田県鹿角市"
"310","05210",497911,360561,72.41,"秋田県由利本荘市"
"311","05211",87891,55327,62.95,"秋田県潟上市"
"312","05212",559483,274534,49.07,"秋田県大仙市"
"313","05213",249827,209825,83.99,"秋田県北秋田市"
"314","05214",145302,143623,98.84,"秋田県にかほ市"
"315","05215",229953,140469,61.09,"秋田県仙北市"
"316","05303",25062,18878,75.33,"秋田県小坂町"
"317","05327",28590,20235,70.78,"秋田県上小阿仁村"
"318","05346",39726,14278,35.94,"秋田県藤里町"
"319","05348",137792,106622,77.38,"秋田県三種町"
"320","05349",67407,40523,60.12,"秋田県八峰町"
"321","05361",66357,59024,88.95,"秋田県五城目町"
"322","05363",26189,7377,28.17,"秋田県八郎潟町"
"323","05366",30256,26547,87.74,"秋田県井川町"
"324","05368",21188,0,0,"秋田県大潟村"
"325","05423",1,1,100,NA
"326","05434",113726,109248,96.06,"秋田県美郷町"
"327","05463",115563,38449,33.27,"秋田県羽後町"
"328","05464",24897,24779,99.53,"秋田県東成瀬村"
"329","06201",412884,85362,20.67,"山形県山形市"
"330","06202",333929,8316,2.49,"山形県米沢市"
"331","06203",609831,283801,46.54,"山形県鶴岡市"
"332","06204",390299,180275,46.19,"山形県酒田市"
"333","06205",112851,85389,75.67,"山形県新庄市"
"334","06206",111195,90475,81.37,"山形県寒河江市"
"335","06207",177147,12021,6.79,"山形県上山市"
"336","06208",124568,100606,80.76,"山形県村山市"
"337","06209",125167,60009,47.94,"山形県長井市"
"338","06210",157140,16783,10.68,"山形県天童市"
"339","06211",131116,86675,66.11,"山形県東根市"
"340","06212",141780,83092,58.61,"山形県尾花沢市"
"341","06213",172424,24069,13.96,"山形県南陽市"
"342","06301",42282,40825,96.55,"山形県山辺町"
"343","06302",35562,30009,84.39,"山形県中山町"
"344","06321",52674,51385,97.55,"山形県河北町"
"345","06322",59939,55674,92.88,"山形県西川町"
"346","06323",67856,67702,99.77,"山形県朝日町"
"347","06324",60155,59517,98.94,"山形県大江町"
"348","06341",43253,33038,76.38,"山形県大石田町"
"349","06361",39148,38075,97.26,"山形県金山町"
"350","06362",59532,53625,90.08,"山形県最上町"
"351","06363",47740,45771,95.88,"山形県舟形町"
"352","06364",57883,56366,97.38,"山形県真室川町"
"353","06365",34679,34166,98.52,"山形県大蔵村"
"354","06366",42199,41533,98.42,"山形県鮭川村"
"355","06367",40286,36633,90.93,"山形県戸沢村"
"356","06381",133332,53016,39.76,"山形県高畠町"
"357","06382",147138,26857,18.25,"山形県川西町"
"358","06401",88906,55851,62.82,"山形県小国町"
"359","06402",147692,87721,59.39,"山形県白鷹町"
"360","06403",92846,38964,41.97,"山形県飯豊町"
"361","06426",33645,22994,68.34,"山形県三川町"
"362","06428",112005,74745,66.73,"山形県庄内町"
"363","06461",106750,90053,84.36,"山形県遊佐町"
"364","07201",583151,431499,73.99,"福島県福島市"
"365","07202",297186,179400,60.37,"福島県会津若松市"
"366","07203",700560,453343,64.71,"福島県郡山市"
"367","07204",713084,567389,79.57,"福島県いわき市"
"368","07205",212379,176407,83.06,"福島県白河市"
"369","07207",289333,266014,91.94,"福島県須賀川市"
"370","07208",345127,181141,52.49,"福島県喜多方市"
"371","07209",139795,136999,98,"福島県相馬市"
"372","07210",394672,391693,99.25,"福島県二本松市"
"373","07211",351131,350834,99.92,"福島県田村市"
"374","07212",317690,310288,97.67,"福島県南相馬市"
"375","07213",304897,177137,58.1,"福島県伊達市"
"376","07214",102536,102536,100,"福島県本宮市"
"377","07301",45041,42177,93.64,"福島県桑折町"
"378","07303",41910,38733,92.42,"福島県国見町"
"379","07308",85648,85648,100,"福島県川俣町"
"380","07309",437,437,100,NA
"381","07322",49925,45091,90.32,"福島県大玉村"
"382","07342",38984,38566,98.93,"福島県鏡石町"
"383","07344",56445,32253,57.14,"福島県天栄村"
"384","07362",101359,44907,44.3,"福島県下郷町"
"385","07364",6249,5975,95.62,"福島県檜枝岐村"
"386","07367",66485,38800,58.36,"福島県只見町"
"387","07368",179024,72513,40.5,"福島県南会津町"
"388","07402",30949,8368,27.04,"福島県北塩原村"
"389","07405",160176,4237,2.65,"福島県西会津町"
"390","07407",34431,22355,64.93,"福島県磐梯町"
"391","07408",114010,83253,73.02,"福島県猪苗代町"
"392","07421",94438,49155,52.05,"福島県会津坂下町"
"393","07422",21581,12873,59.65,"福島県湯川村"
"394","07423",97253,6147,6.32,"福島県柳津町"
"395","07444",61703,1046,1.7,"福島県三島町"
"396","07445",84804,4453,5.25,"福島県金山町"
"397","07446",43370,2399,5.53,"福島県昭和村"
"398","07447",158063,69637,44.06,"福島県会津美里町"
"399","07461",64876,53732,82.82,"福島県西郷村"
"400","07464",29941,18813,62.83,"福島県泉崎村"
"401","07465",17527,10529,60.07,"福島県中島村"
"402","07466",68954,62183,90.18,"福島県矢吹町"
"403","07481",71243,61326,86.08,"福島県棚倉町"
"404","07482",49924,48372,96.89,"福島県矢祭町"
"405","07483",74595,44323,59.42,"福島県塙町"
"406","07484",36755,36224,98.56,"福島県鮫川村"
"407","07501",104552,103003,98.52,"福島県石川町"
"408","07502",55535,55502,99.94,"福島県玉川村"
"409","07503",57183,55971,97.88,"福島県平田村"
"410","07504",44482,41082,92.36,"福島県浅川町"
"411","07505",51830,50346,97.14,"福島県古殿町"
"412","07521",122623,114224,93.15,"福島県三春町"
"413","07522",64958,64958,100,"福島県小野町"
"414","07541",25973,24916,95.93,"福島県広野町"
"415","07542",37386,37382,99.99,"福島県楢葉町"
"416","07543",42872,42004,97.98,"福島県富岡町"
"417","07544",28198,18751,66.5,"福島県川内村"
"418","07545",45490,44847,98.59,"福島県大熊町"
"419","07546",36738,36487,99.32,"福島県双葉町"
"420","07547",82281,77367,94.03,"福島県浪江町"
"421","07548",14446,14446,100,"福島県葛尾村"
"422","07561",43350,41412,95.53,"福島県新地町"
"423","07564",59199,52477,88.65,"福島県飯舘村"
"424","08201",351970,238427,67.74,"茨城県水戸市"
"425","08202",182239,139910,76.77,"茨城県日立市"
"426","08203",212692,144476,67.93,"茨城県土浦市"
"427","08204",240791,94806,39.37,"茨城県古河市"
"428","08205",187204,156663,83.69,"茨城県石岡市"
"429","08207",95576,43635,45.65,"茨城県結城市"
"430","08208",113512,47238,41.61,"茨城県龍ケ崎市"
"431","08210",100737,76262,75.7,"茨城県下妻市"
"432","08211",177148,49602,28,"茨城県常総市"
"433","08212",256643,240007,93.52,"茨城県常陸太田市"
"434","08214",60317,41068,68.09,"茨城県高萩市"
"435","08215",107618,38406,35.69,"茨城県北茨城市"
"436","08216",198141,180291,90.99,"茨城県笠間市"
"437","08217",149995,26722,17.82,"茨城県取手市"
"438","08219",96868,78889,81.44,"茨城県牛久市"
"439","08220",374596,217603,58.09,"茨城県つくば市"
"440","08221",161633,68284,42.25,"茨城県ひたちなか市"
"441","08222",136202,36119,26.52,"茨城県鹿嶋市"
"442","08223",76046,12470,16.4,"茨城県潮来市"
"443","08224",71264,5127,7.19,"茨城県守谷市"
"444","08225",260757,251129,96.31,"茨城県常陸大宮市"
"445","08226",138579,132980,95.96,"茨城県那珂市"
"446","08227",259271,137967,53.21,"茨城県筑西市"
"447","08228",185252,69252,37.38,"茨城県坂東市"
"448","08229",197479,81607,41.32,"茨城県稲敷市"
"449","08230",139744,136779,97.88,"茨城県かすみがうら市"
"450","08231",143720,131016,91.16,"茨城県桜川市"
"451","08232",144264,17711,12.28,"茨城県神栖市"
"452","08233",168241,165882,98.6,"茨城県行方市"
"453","08234",183951,178296,96.93,"茨城県鉾田市"
"454","08235",119251,13807,11.58,"茨城県つくばみらい市"
"455","08236",144424,129701,89.81,"茨城県小美玉市"
"456","08302",113722,92928,81.72,"茨城県茨城町"
"457","08309",31387,15996,50.96,"茨城県大洗町"
"458","08310",93510,77650,83.04,"茨城県城里町"
"459","08341",46804,44289,94.63,"茨城県東海村"
"460","08364",187250,69766,37.26,"茨城県大子町"
"461","08442",45293,36551,80.7,"茨城県美浦村"
"462","08443",96328,92664,96.2,"茨城県阿見町"
"463","08447",38476,18147,47.16,"茨城県河内町"
"464","08521",71663,59956,83.66,"茨城県八千代町"
"465","08542",29770,10956,36.8,"茨城県五霞町"
"466","08546",62780,53411,85.08,"茨城県境町"
"467","08564",33884,22102,65.23,"茨城県利根町"
"468","09201",594251,126737,21.33,"栃木県宇都宮市"
"469","09202",271201,5051,1.86,"栃木県足利市"
"470","09203",415746,73947,17.79,"栃木県栃木市"
"471","09204",331951,5014,1.51,"栃木県佐野市"
"472","09205",307436,9178,2.99,"栃木県鹿沼市"
"473","09206",314472,23701,7.54,"栃木県日光市"
"474","09208",255078,20528,8.05,"栃木県小山市"
"475","09209",187140,12478,6.67,"栃木県真岡市"
"476","09210",258685,49375,19.09,"栃木県大田原市"
"477","09211",113649,36434,32.06,"栃木県矢板市"
"478","09213",304685,171543,56.3,"栃木県那須塩原市"
"479","09214",116174,54883,47.24,"栃木県さくら市"
"480","09215",136855,75504,55.17,"栃木県那須烏山市"
"481","09216",100039,20591,20.58,"栃木県下野市"
"482","09301",64887,3881,5.98,"栃木県上三川町"
"483","09321",4552,0,0,NA
"484","09342",86562,8416,9.72,"栃木県益子町"
"485","09343",155463,2473,1.59,"栃木県茂木町"
"486","09344",68732,2119,3.08,"栃木県市貝町"
"487","09345",74005,7318,9.89,"栃木県芳賀町"
"488","09361",94786,2968,3.13,"栃木県壬生町"
"489","09364",47128,2249,4.77,"栃木県野木町"
"490","09367",1690,1658,98.11,NA
"491","09384",76036,25127,33.05,"栃木県塩谷町"
"492","09386",74134,12896,17.4,"栃木県高根沢町"
"493","09407",256064,13132,5.13,"栃木県那須町"
"494","09411",106989,75500,70.57,"栃木県那珂川町"
"495","10201",470055,259735,55.26,"群馬県前橋市"
"496","10202",635733,236258,37.16,"群馬県高崎市"
"497","10203",221543,104710,47.26,"群馬県桐生市"
"498","10204",311119,71215,22.89,"群馬県伊勢崎市"
"499","10205",337937,116712,34.54,"群馬県太田市"
"500","10206",205329,28752,14,"群馬県沼田市"
"501","10207",129416,17228,13.31,"群馬県館林市"
"502","10208",225316,170589,75.71,"群馬県渋川市"
"503","10209",170177,106678,62.69,"群馬県藤岡市"
"504","10210",158678,120287,75.81,"群馬県富岡市"
"505","10211",255976,148708,58.09,"群馬県安中市"
"506","10212",121202,44048,36.34,"群馬県みどり市"
"507","10303",139,79,56.83,NA
"508","10344",37330,3403,9.12,"群馬県榛東村"
"509","10345",41420,4290,10.36,"群馬県吉岡町"
"510","10366",22732,700,3.08,"群馬県上野村"
"511","10367",42171,10829,25.68,"群馬県神流町"
"512","10382",91014,110,0.12,"群馬県下仁田町"
"513","10383",52202,537,1.03,"群馬県南牧村"
"514","10384",54474,50055,91.89,"群馬県甘楽町"
"515","10421",112233,93522,83.33,"群馬県中之条町"
"516","10424",57337,22320,38.93,"群馬県長野原町"
"517","10425",105227,24765,23.53,"群馬県嬬恋村"
"518","10426",12189,11555,94.8,"群馬県草津町"
"519","10428",22146,20424,92.22,"群馬県高山村"
"520","10429",125052,54338,43.45,"群馬県東吾妻町"
"521","10443",48631,528,1.09,"群馬県片品村"
"522","10444",28232,3967,14.05,"群馬県川場村"
"523","10448",47934,6904,14.4,"群馬県昭和村"
"524","10449",151063,89822,59.46,"群馬県みなかみ町"
"525","10464",49939,32390,64.86,"群馬県玉村町"
"526","10521",75140,3252,4.33,"群馬県板倉町"
"527","10522",33383,33383,100,"群馬県明和町"
"528","10523",38447,908,2.36,"群馬県千代田町"
"529","10524",34808,2823,8.11,"群馬県大泉町"
"530","10525",58564,1089,1.86,"群馬県邑楽町"
"531","11101",109713,3627,3.31,"埼玉県さいたま市西区"
"532","11102",65149,183,0.28,"埼玉県さいたま市北区"
"533","11103",61379,89,0.15,"埼玉県さいたま市大宮区"
"534","11104",130442,8668,6.65,"埼玉県さいたま市見沼区"
"535","11105",41460,139,0.34,"埼玉県さいたま市中央区"
"536","11106",67985,376,0.55,"埼玉県さいたま市桜区"
"537","11107",67958,9190,13.52,"埼玉県さいたま市浦和区"
"538","11108",75960,1674,2.2,"埼玉県さいたま市南区"
"539","11109",103482,15080,14.57,"埼玉県さいたま市緑区"
"540","11110",162914,5384,3.3,"埼玉県さいたま市岩槻区"
"541","11201",348960,107612,30.84,"埼玉県川越市"
"542","11202",342208,156010,45.59,"埼玉県熊谷市"
"543","11203",327341,40484,12.37,"埼玉県川口市"
"544","11206",161084,18481,11.47,"埼玉県行田市"
"545","11207",240656,9657,4.01,"埼玉県秩父市"
"546","11208",228270,92915,40.7,"埼玉県所沢市"
"547","11209",151025,23214,15.37,"埼玉県飯能市"
"548","11210",260062,169199,65.06,"埼玉県加須市"
"549","11211",142239,93204,65.53,"埼玉県本庄市"
"550","11212",146268,57887,39.58,"埼玉県東松山市"
"551","11214",241353,39007,16.16,"埼玉県春日部市"
"552","11215",127681,95682,74.94,"埼玉県狭山市"
"553","11216",133634,11709,8.76,"埼玉県羽生市"
"554","11217",211541,19988,9.45,"埼玉県鴻巣市"
"555","11218",244332,67562,27.65,"埼玉県深谷市"
"556","11219",176068,42817,24.32,"埼玉県上尾市"
"557","11221",157984,9332,5.91,"埼玉県草加市"
"558","11222",274913,16279,5.92,"埼玉県越谷市"
"559","11223",29174,0,0,"埼玉県蕨市"
"560","11224",49089,0,0,"埼玉県戸田市"
"561","11225",115903,89441,77.17,"埼玉県入間市"
"562","11226",1,0,0,NA
"563","11227",75985,2497,3.29,"埼玉県朝霞市"
"564","11228",42299,14664,34.67,"埼玉県志木市"
"565","11229",36238,1296,3.58,"埼玉県和光市"
"566","11230",104695,2197,2.1,"埼玉県新座市"
"567","11231",82509,10651,12.91,"埼玉県桶川市"
"568","11232",242687,25403,10.47,"埼玉県久喜市"
"569","11233",75027,211,0.28,"埼玉県北本市"
"570","11234",80972,2781,3.43,"埼玉県八潮市"
"571","11235",90406,3966,4.39,"埼玉県富士見市"
"572","11237",88146,8572,9.72,"埼玉県三郷市"
"573","11238",85891,5919,6.89,"埼玉県蓮田市"
"574","11239",102075,76316,74.76,"埼玉県坂戸市"
"575","11240",85913,1687,1.96,"埼玉県幸手市"
"576","11241",48476,45629,94.13,"埼玉県鶴ヶ島市"
"577","11242",86647,70892,81.82,"埼玉県日高市"
"578","11243",82159,6788,8.26,"埼玉県吉川市"
"579","11245",65567,28064,42.8,"埼玉県ふじみ野市"
"580","11246",75561,7872,10.42,"埼玉県白岡市"
"581","11301",45742,7545,16.49,"埼玉県伊奈町"
"582","11324",33964,33365,98.24,"埼玉県三芳町"
"583","11326",57616,55998,97.19,"埼玉県毛呂山町"
"584","11327",37434,35245,94.15,"埼玉県越生町"
"585","11341",45560,37967,83.33,"埼玉県滑川町"
"586","11342",41531,39952,96.2,"埼玉県嵐山町"
"587","11343",76892,42584,55.38,"埼玉県小川町"
"588","11346",119544,118,0.1,"埼玉県川島町"
"589","11347",91794,1023,1.11,"埼玉県吉見町"
"590","11348",36075,35219,97.63,"埼玉県鳩山町"
"591","11349",50761,32608,64.24,"埼玉県ときがわ町"
"592","11361",36839,635,1.72,"埼玉県横瀬町"
"593","11362",66471,102,0.15,"埼玉県皆野町"
"594","11363",39891,0,0,"埼玉県長瀞町"
"595","11365",104017,10268,9.87,"埼玉県小鹿野町"
"596","11369",27785,2409,8.67,"埼玉県東秩父村"
"597","11381",42705,26623,62.34,"埼玉県美里町"
"598","11383",46632,31886,68.38,"埼玉県神川町"
"599","11385",52025,39138,75.23,"埼玉県上里町"
"600","11408",115913,2647,2.28,"埼玉県寄居町"
"601","11421",649,648,99.85,NA
"602","11424",820,216,26.34,NA
"603","11425",860,860,100,NA
"604","11442",54215,1079,1.99,"埼玉県宮代町"
"605","11445",3205,78,2.43,NA
"606","11446",210,14,6.67,NA
"607","11461",597,227,38.02,NA
"608","11462",493,51,10.34,NA
"609","11464",67838,3960,5.84,"埼玉県杉戸町"
"610","11465",45458,1893,4.16,"埼玉県松伏町"
"611","12101",121377,22835,18.81,"千葉県千葉市中央区"
"612","12102",107249,4979,4.64,"千葉県千葉市花見川区"
"613","12103",71489,3412,4.77,"千葉県千葉市稲毛区"
"614","12104",147105,4982,3.39,"千葉県千葉市若葉区"
"615","12105",110211,5301,4.81,"千葉県千葉市緑区"
"616","12106",12667,0,0,"千葉県千葉市美浜区"
"617","12202",153894,1894,1.23,"千葉県銚子市"
"618","12203",249003,8525,3.42,"千葉県市川市"
"619","12204",329560,4053,1.23,"千葉県船橋市"
"620","12205",172853,2585,1.5,"千葉県館山市"
"621","12206",214021,27920,13.05,"千葉県木更津市"
"622","12207",264012,5837,2.21,"千葉県松戸市"
"623","12208",226098,23803,10.53,"千葉県野田市"
"624","12210",219422,6440,2.93,"千葉県茂原市"
"625","12211",280549,88500,31.55,"千葉県成田市"
"626","12212",204520,8975,4.39,"千葉県佐倉市"
"627","12213",167834,19248,11.47,"千葉県東金市"
"628","12215",224554,30631,13.64,"千葉県旭市"
"629","12216",69505,4837,6.96,"千葉県習志野市"
"630","12217",312790,32239,10.31,"千葉県柏市"
"631","12218",94031,3989,4.24,"千葉県勝浦市"
"632","12219",512524,31168,6.08,"千葉県市原市"
"633","12220",125226,9709,7.75,"千葉県流山市"
"634","12221",138265,7691,5.56,"千葉県八千代市"
"635","12222",97735,4347,4.45,"千葉県我孫子市"
"636","12223",196311,6470,3.3,"千葉県鴨川市"
"637","12224",89338,1842,2.06,"千葉県鎌ケ谷市"
"638","12225",274538,29383,10.7,"千葉県君津市"
"639","12226",193341,33047,17.09,"千葉県富津市"
"640","12227",34604,4877,14.09,"千葉県浦安市"
"641","12228",85702,2643,3.08,"千葉県四街道市"
"642","12229",132474,16039,12.11,"千葉県袖ケ浦市"
"643","12230",117233,216,0.18,"千葉県八街市"
"644","12231",158187,19119,12.09,"千葉県印西市"
"645","12232",61604,9199,14.93,"千葉県白井市"
"646","12233",78704,228,0.29,"千葉県富里市"
"647","12234",268657,110382,41.09,"千葉県南房総市"
"648","12235",179481,47,0.03,"千葉県匝瑳市"
"649","12236",363041,91997,25.34,"千葉県香取市"
"650","12237",219854,16059,7.3,"千葉県山武市"
"651","12238",242381,6722,2.77,"千葉県いすみ市"
"652","12239",110319,8038,7.29,"千葉県大網白里市"
"653","12322",36631,139,0.38,"千葉県酒々井町"
"654","12325",424,0,0,NA
"655","12328",121,0,0,NA
"656","12329",48437,4228,8.73,"千葉県栄町"
"657","12342",26952,19354,71.81,"千葉県神崎町"
"658","12347",100471,56991,56.72,"千葉県多古町"
"659","12349",48360,40554,83.86,"千葉県東庄町"
"660","12402",8401,96,1.14,NA
"661","12403",52265,39,0.07,"千葉県九十九里町"
"662","12409",51963,9832,18.92,"千葉県芝山町"
"663","12410",137596,2705,1.97,"千葉県横芝光町"
"664","12421",42303,32982,77.97,"千葉県一宮町"
"665","12422",47143,8929,18.94,"千葉県睦沢町"
"666","12423",47938,23000,47.98,"千葉県長生村"
"667","12424",39464,31366,79.48,"千葉県白子町"
"668","12426",56450,12433,22.02,"千葉県長柄町"
"669","12427",80413,18563,23.08,"千葉県長南町"
"670","12441",102847,17004,16.53,"千葉県大多喜町"
"671","12443",35089,0,0,"千葉県御宿町"
"672","12463",46651,27763,59.51,"千葉県鋸南町"
"673","13101",21972,242,1.1,"東京都千代田区"
"674","13102",29574,1042,3.52,"東京都中央区"
"675","13103",55456,2221,4,"東京都港区"
"676","13104",94182,2037,2.16,"東京都新宿区"
"677","13105",57967,2156,3.72,"東京都文京区"
"678","13106",51784,52,0.1,"東京都台東区"
"679","13107",70949,2413,3.4,"東京都墨田区"
"680","13108",79841,4361,5.46,"東京都江東区"
"681","13109",97299,3361,3.45,"東京都品川区"
"682","13110",81494,614,0.75,"東京都目黒区"
"683","13111",198513,534,0.27,"東京都大田区"
"684","13112",312661,12590,4.03,"東京都世田谷区"
"685","13113",69739,8718,12.5,"東京都渋谷区"
"686","13114",110928,1642,1.48,"東京都中野区"
"687","13115",214774,98,0.05,"東京都杉並区"
"688","13116",84214,7524,8.93,"東京都豊島区"
"689","13117",97698,5692,5.83,"東京都北区"
"690","13118",64395,0,0,"東京都荒川区"
"691","13119",152343,10078,6.62,"東京都板橋区"
"692","13120",305698,2858,0.93,"東京都練馬区"
"693","13121",262681,16180,6.16,"東京都足立区"
"694","13122",190817,42033,22.03,"東京都葛飾区"
"695","13123",232095,20302,8.75,"東京都江戸川区"
"696","13201",375967,36051,9.59,"東京都八王子市"
"697","13202",80428,1337,1.66,"東京都立川市"
"698","13203",52289,462,0.88,"東京都武蔵野市"
"699","13204",85211,3,0,"東京都三鷹市"
"700","13205",148212,20025,13.51,"東京都青梅市"
"701","13206",127325,358,0.28,"東京都府中市"
"702","13207",63365,1176,1.86,"東京都昭島市"
"703","13208",111293,271,0.24,"東京都調布市"
"704","13209",275523,26796,9.73,"東京都町田市"
"705","13210",58910,55,0.09,"東京都小金井市"
"706","13211",91946,1071,1.16,"東京都小平市"
"707","13212",95135,9504,9.99,"東京都日野市"
"708","13213",81035,109,0.13,"東京都東村山市"
"709","13214",64490,62,0.1,"東京都国分寺市"
"710","13215",35505,331,0.93,"東京都国立市"
"711","13218",32325,5542,17.14,"東京都福生市"
"712","13219",41001,0,0,"東京都狛江市"
"713","13220",45998,910,1.98,"東京都東大和市"
"714","13221",40500,0,0,"東京都清瀬市"
"715","13222",61804,424,0.69,"東京都東久留米市"
"716","13223",51832,1377,2.66,"東京都武蔵村山市"
"717","13224",41633,25498,61.24,"東京都多摩市"
"718","13225",49021,3712,7.57,"東京都稲城市"
"719","13227",28803,8278,28.74,"東京都羽村市"
"720","13228",108735,60104,55.28,"東京都あきる野市"
"721","13229",90651,128,0.14,"東京都西東京市"
"722","13303",32015,21689,67.75,"東京都瑞穂町"
"723","13305",27736,24634,88.82,"東京都日の出町"
"724","13307",25036,0,0,"東京都檜原村"
"725","13308",40643,5353,13.17,"東京都奥多摩町"
"726","13361",34135,33633,98.53,"東京都大島町"
"727","13362",3700,3700,100,"東京都利島村"
"728","13363",13791,13791,100,"東京都新島村"
"729","13364",13428,13428,100,"東京都神津島村"
"730","13381",24336,24336,100,"東京都三宅村"
"731","13382",3140,3140,100,"東京都御蔵島村"
"732","13401",35217,35217,100,"東京都八丈町"
"733","13402",1019,1019,100,"東京都青ヶ島村"
"734","13421",10258,10258,100,"東京都小笠原村"
"735","14101",103118,3,0,"神奈川県横浜市鶴見区"
"736","14102",93152,23531,25.26,"神奈川県横浜市神奈川区"
"737","14103",27436,464,1.69,"神奈川県横浜市西区"
"738","14104",49711,3159,6.35,"神奈川県横浜市中区"
"739","14105",81976,6349,7.74,"神奈川県横浜市南区"
"740","14106",98000,50868,51.91,"神奈川県横浜市保土ケ谷区"
"741","14107",73681,371,0.5,"神奈川県横浜市磯子区"
"742","14108",91603,8398,9.17,"神奈川県横浜市金沢区"
"743","14109",148592,4718,3.18,"神奈川県横浜市港北区"
"744","14110",159319,100919,63.34,"神奈川県横浜市戸塚区"
"745","14111",109196,10884,9.97,"神奈川県横浜市港南区"
"746","14112",127237,123580,97.13,"神奈川県横浜市旭区"
"747","14113",79576,57399,72.13,"神奈川県横浜市緑区"
"748","14114",66718,63175,94.69,"神奈川県横浜市瀬谷区"
"749","14115",68539,61774,90.13,"神奈川県横浜市栄区"
"750","14116",98008,69815,71.23,"神奈川県横浜市泉区"
"751","14117",109108,53711,49.23,"神奈川県横浜市青葉区"
"752","14118",80009,1419,1.77,"神奈川県横浜市都筑区"
"753","14131",60759,1054,1.73,"神奈川県川崎市川崎区"
"754","14132",45073,7,0.02,"神奈川県川崎市幸区"
"755","14133",74872,3587,4.79,"神奈川県川崎市中原区"
"756","14134",79871,0,0,"神奈川県川崎市高津区"
"757","14135",96959,11229,11.58,"神奈川県川崎市多摩区"
"758","14136",82918,3599,4.34,"神奈川県川崎市宮前区"
"759","14137",88591,46471,52.46,"神奈川県川崎市麻生区"
"760","14151",282012,17718,6.28,"神奈川県相模原市緑区"
"761","14152",149528,2496,1.67,"神奈川県相模原市中央区"
"762","14153",167905,2621,1.56,"神奈川県相模原市南区"
"763","14201",320071,11396,3.56,"神奈川県横須賀市"
"764","14203",242693,4677,1.93,"神奈川県平塚市"
"765","14204",143137,606,0.42,"神奈川県鎌倉市"
"766","14205",263221,40361,15.33,"神奈川県藤沢市"
"767","14206",275266,2376,0.86,"神奈川県小田原市"
"768","14207",189434,3203,1.69,"神奈川県茅ヶ崎市"
"769","14208",50751,88,0.17,"神奈川県逗子市"
"770","14209",474,328,69.2,NA
"771","14210",74272,2093,2.82,"神奈川県三浦市"
"772","14211",222710,2748,1.23,"神奈川県秦野市"
"773","14212",243175,33665,13.84,"神奈川県厚木市"
"774","14213",113120,2440,2.16,"神奈川県大和市"
"775","14214",142288,19417,13.65,"神奈川県伊勢原市"
"776","14215",97224,21949,22.58,"神奈川県海老名市"
"777","14216",82040,585,0.71,"神奈川県座間市"
"778","14217",92183,46353,50.28,"神奈川県南足柄市"
"779","14218",81865,2683,3.28,"神奈川県綾瀬市"
"780","14301",39605,0,0,"神奈川県葉山町"
"781","14321",50799,296,0.58,"神奈川県寒川町"
"782","14341",54930,0,0,"神奈川県大磯町"
"783","14342",37963,3757,9.9,"神奈川県二宮町"
"784","14361",43288,9034,20.87,"神奈川県中井町"
"785","14362",35503,28336,79.81,"神奈川県大井町"
"786","14363",37218,3521,9.46,"神奈川県松田町"
"787","14364",72328,5729,7.92,"神奈川県山北町"
"788","14366",22651,8035,35.47,"神奈川県開成町"
"789","14382",41692,0,0,"神奈川県箱根町"
"790","14383",15438,0,0,"神奈川県真鶴町"
"791","14384",39325,1068,2.72,"神奈川県湯河原町"
"792","14401",75142,167,0.22,"神奈川県愛川町"
"793","14402",22907,59,0.26,"神奈川県清川村"
"794","15101",205568,19115,9.3,"新潟県新潟市北区"
"795","15102",134222,44452,33.12,"新潟県新潟市東区"
"796","15103",142837,33036,23.13,"新潟県新潟市中央区"
"797","15104",187185,52331,27.96,"新潟県新潟市江南区"
"798","15105",209624,30158,14.39,"新潟県新潟市秋葉区"
"799","15106",127359,120006,94.23,"新潟県新潟市南区"
"800","15107",263244,114366,43.44,"新潟県新潟市西区"
"801","15108",301583,141232,46.83,"新潟県新潟市西蒲区"
"802","15202",1354830,176166,13,"新潟県長岡市"
"803","15204",390986,75107,19.21,"新潟県三条市"
"804","15205",724988,22995,3.17,"新潟県柏崎市"
"805","15206",379892,203717,53.62,"新潟県新発田市"
"806","15208",217936,60901,27.94,"新潟県小千谷市"
"807","15209",122468,5476,4.47,"新潟県加茂市"
"808","15211",153402,13236,8.63,"新潟県見附市"
"809","15212",430682,261983,60.83,"新潟県村上市"
"810","15213",223428,104058,46.57,"新潟県燕市"
"811","15216",596267,41477,6.96,"新潟県糸魚川市"
"812","15217",314484,24834,7.9,"新潟県妙高市"
"813","15218",275668,36409,13.21,"新潟県五泉市"
"814","15222",1462363,294351,20.13,"新潟県上越市"
"815","15223",219897,133144,60.55,"新潟県阿賀野市"
"816","15224",580580,538961,92.83,"新潟県佐渡市"
"817","15225",306362,268928,87.78,"新潟県魚沼市"
"818","15226",352287,221436,62.86,"新潟県南魚沼市"
"819","15227",141622,138037,97.47,"新潟県胎内市"
"820","15307",42558,38697,90.93,"新潟県聖籠町"
"821","15308",1,1,100,NA
"822","15342",37402,35717,95.49,"新潟県弥彦村"
"823","15361",52315,5756,11,"新潟県田上町"
"824","15385",291681,46794,16.04,"新潟県阿賀町"
"825","15405",79200,6528,8.24,"新潟県出雲崎町"
"826","15441",1605,1579,98.38,NA
"827","15461",48819,24655,50.5,"新潟県湯沢町"
"828","15482",142492,142492,100,"新潟県津南町"
"829","15504",43106,18910,43.87,"新潟県刈羽村"
"830","15541",15,15,100,NA
"831","15542",1,0,0,NA
"832","15581",63624,55742,87.61,"新潟県関川村"
"833","15586",6336,4360,68.81,"新潟県粟島浦村"
"834","16201",1319594,228609,17.32,"富山県富山市"
"835","16202",424080,87502,20.63,"富山県高岡市"
"836","16204",210810,19073,9.05,"富山県魚津市"
"837","16205",323682,104748,32.36,"富山県氷見市"
"838","16206",131204,52881,40.3,"富山県滑川市"
"839","16207",198847,44634,22.45,"富山県黒部市"
"840","16208",199569,86403,43.29,"富山県砺波市"
"841","16209",215606,34465,15.99,"富山県小矢部市"
"842","16210",423828,89584,21.14,"富山県南砺市"
"843","16211",233020,38936,16.71,"富山県射水市"
"844","16321",9528,5604,58.82,"富山県舟橋村"
"845","16322",160968,24236,15.06,"富山県上市町"
"846","16323",153945,39146,25.43,"富山県立山町"
"847","16342",95882,30284,31.58,"富山県入善町"
"848","16343",108449,9766,9.01,"富山県朝日町"
"849","17201",748070,321391,42.96,"石川県金沢市"
"850","17202",445639,27163,6.1,"石川県七尾市"
"851","17203",411285,32479,7.9,"石川県小松市"
"852","17204",569440,6240,1.1,"石川県輪島市"
"853","17205",224264,7583,3.38,"石川県珠洲市"
"854","17206",329393,71953,21.84,"石川県加賀市"
"855","17207",108321,87387,80.67,"石川県羽咋市"
"856","17209",122990,36651,29.8,"石川県かほく市"
"857","17210",379325,172969,45.6,"石川県白山市"
"858","17211",147706,26519,17.95,"石川県能美市"
"859","17212",41462,30234,72.92,"石川県野々市市"
"860","17324",28448,8274,29.08,"石川県川北町"
"861","17343",1,0,0,NA
"862","17344",4486,4196,93.54,NA
"863","17361",235346,13976,5.94,"石川県津幡町"
"864","17365",23257,13849,59.55,"石川県内灘町"
"865","17384",241954,122876,50.78,"石川県志賀町"
"866","17386",130891,43198,33,"石川県宝達志水町"
"867","17407",136287,37476,27.5,"石川県中能登町"
"868","17461",172985,307,0.18,"石川県穴水町"
"869","17463",277632,11908,4.29,"石川県能登町"
"870","18201",753274,124472,16.52,"福井県福井市"
"871","18202",194529,17983,9.24,"福井県敦賀市"
"872","18204",168692,10472,6.21,"福井県小浜市"
"873","18205",240339,36108,15.02,"福井県大野市"
"874","18206",180140,13996,7.77,"福井県勝山市"
"875","18207",192077,21861,11.38,"福井県鯖江市"
"876","18208",152462,36253,23.78,"福井県あわら市"
"877","18209",341612,24882,7.28,"福井県越前市"
"878","18210",283759,53907,19,"福井県坂井市"
"879","18322",100601,10876,10.81,"福井県永平寺町"
"880","18382",79932,1645,2.06,"福井県池田町"
"881","18404",147500,29713,20.14,"福井県南越前町"
"882","18423",193433,10161,5.25,"福井県越前町"
"883","18442",70596,11730,16.62,"福井県美浜町"
"884","18481",69346,6696,9.66,"福井県高浜町"
"885","18483",67043,36820,54.92,"福井県おおい町"
"886","18501",124657,47917,38.44,"福井県若狭町"
"887","19201",269693,206084,76.41,"山梨県甲府市"
"888","19202",90680,24531,27.05,"山梨県富士吉田市"
"889","19204",109785,62315,56.76,"山梨県都留市"
"890","19205",172630,161228,93.4,"山梨県山梨市"
"891","19206",160448,61234,38.16,"山梨県大月市"
"892","19207",132464,132232,99.82,"山梨県韮崎市"
"893","19208",198632,188986,95.14,"山梨県南アルプス市"
"894","19209",389817,385342,98.85,"山梨県北杜市"
"895","19210",148588,132015,88.85,"山梨県甲斐市"
"896","19211",243361,227145,93.34,"山梨県笛吹市"
"897","19212",154815,29253,18.9,"山梨県上野原市"
"898","19213",142718,134348,94.14,"山梨県甲州市"
"899","19214",65145,44306,68.01,"山梨県中央市"
"900","19346",101965,80227,78.68,"山梨県市川三郷町"
"901","19364",65373,0,0,"山梨県早川町"
"902","19365",269987,72591,26.89,"山梨県身延町"
"903","19366",113607,61764,54.37,"山梨県南部町"
"904","19368",90631,59929,66.12,"山梨県富士川町"
"905","19384",29224,26571,90.92,"山梨県昭和町"
"906","19422",28303,1301,4.6,"山梨県道志村"
"907","19423",12328,12270,99.53,"山梨県西桂町"
"908","19424",21464,15071,70.22,"山梨県忍野村"
"909","19425",23974,1900,7.93,"山梨県山中湖村"
"910","19429",23439,17674,75.4,"山梨県鳴沢村"
"911","19430",78478,18923,24.11,"山梨県富士河口湖町"
"912","19442",12745,0,0,"山梨県小菅村"
"913","19443",9969,0,0,"山梨県丹波山村"
"914","20201",1242484,358751,28.87,"長野県長野市"
"915","20202",525544,161573,30.74,"長野県松本市"
"916","20203",538960,135440,25.13,"長野県上田市"
"917","20204",119967,1031,0.86,"長野県岡谷市"
"918","20205",392540,369557,94.15,"長野県飯田市"
"919","20206",127146,1651,1.3,"長野県諏訪市"
"920","20207",147143,3268,2.22,"長野県須坂市"
"921","20208",150688,134682,89.38,"長野県小諸市"
"922","20209",329826,121417,36.81,"長野県伊那市"
"923","20210",122660,15214,12.4,"長野県駒ヶ根市"
"924","20211",209250,4262,2.04,"長野県中野市"
"925","20212",214609,95475,44.49,"長野県大町市"
"926","20213",217271,43867,20.19,"長野県飯山市"
"927","20214",210482,26754,12.71,"長野県茅野市"
"928","20215",170420,59505,34.92,"長野県塩尻市"
"929","20217",377375,339680,90.01,"長野県佐久市"
"930","20218",186239,121410,65.19,"長野県千曲市"
"931","20219",124189,123457,99.41,"長野県東御市"
"932","20220",296572,254684,85.88,"長野県安曇野市"
"933","20303",58533,58305,99.61,"長野県小海町"
"934","20304",34930,28401,81.31,"長野県川上村"
"935","20305",32346,23439,72.46,"長野県南牧村"
"936","20306",22876,22850,99.89,"長野県南相木村"
"937","20307",17554,17471,99.53,"長野県北相木村"
"938","20309",95361,92940,97.46,"長野県佐久穂町"
"939","20321",92249,90595,98.21,"長野県軽井沢町"
"940","20323",53261,50692,95.18,"長野県御代田町"
"941","20324",57474,57474,100,"長野県立科町"
"942","20349",41656,9513,22.84,"長野県青木村"
"943","20350",60953,60577,99.38,"長野県長和町"
"944","20361",50095,377,0.75,"長野県下諏訪町"
"945","20362",102245,94593,92.52,"長野県富士見町"
"946","20363",40498,7906,19.52,"長野県原村"
"947","20382",82816,51044,61.64,"長野県辰野町"
"948","20383",79904,72403,90.61,"長野県箕輪町"
"949","20384",48457,24831,51.24,"長野県飯島町"
"950","20385",34348,34348,100,"長野県南箕輪村"
"951","20386",44514,31264,70.23,"長野県中川村"
"952","20388",21973,17235,78.44,"長野県宮田村"
"953","20402",68292,68238,99.92,"長野県松川町"
"954","20403",61021,60576,99.27,"長野県高森町"
"955","20404",57127,56060,98.13,"長野県阿南町"
"956","20407",75233,74185,98.61,"長野県阿智村"
"957","20409",7718,6866,88.96,"長野県平谷村"
"958","20410",19812,19812,100,"長野県根羽村"
"959","20411",37160,37114,99.88,"長野県下條村"
"960","20412",10694,10430,97.53,"長野県売木村"
"961","20413",23865,13443,56.33,"長野県天龍村"
"962","20414",26272,26091,99.31,"長野県泰阜村"
"963","20415",44998,44981,99.96,"長野県喬木村"
"964","20416",55091,55091,100,"長野県豊丘村"
"965","20417",27421,18739,68.34,"長野県大鹿村"
"966","20422",29774,4603,15.46,"長野県上松町"
"967","20423",47458,34443,72.58,"長野県南木曽町"
"968","20425",27925,25880,92.68,"長野県木祖村"
"969","20429",14210,10612,74.68,"長野県王滝村"
"970","20430",27706,23407,84.48,"長野県大桑村"
"971","20432",132410,75280,56.85,"長野県木曽町"
"972","20446",39470,6984,17.69,"長野県麻績村"
"973","20448",49246,29738,60.39,"長野県生坂村"
"974","20450",22608,19846,87.78,"長野県山形村"
"975","20451",23387,1126,4.81,"長野県朝日村"
"976","20452",82421,10256,12.44,"長野県筑北村"
"977","20481",63448,30626,48.27,"長野県池田町"
"978","20482",33891,30231,89.2,"長野県松川村"
"979","20485",102529,29643,28.91,"長野県白馬村"
"980","20486",103493,881,0.85,"長野県小谷村"
"981","20521",72487,21347,29.45,"長野県坂城町"
"982","20541",39166,56,0.14,"長野県小布施町"
"983","20543",38175,30964,81.11,"長野県高山村"
"984","20561",46825,44383,94.78,"長野県山ノ内町"
"985","20562",45076,8367,18.56,"長野県木島平村"
"986","20563",38293,3810,9.95,"長野県野沢温泉村"
"987","20583",75663,63097,83.39,"長野県信濃町"
"988","20588",103313,101307,98.06,"長野県小川村"
"989","20590",87963,55478,63.07,"長野県飯綱町"
"990","20602",54663,39782,72.78,"長野県栄村"
"991","21201",455244,67036,14.73,"岐阜県岐阜市"
"992","21202",272291,14554,5.35,"岐阜県大垣市"
"993","21203",591443,56706,9.59,"岐阜県高山市"
"994","21204",131894,21684,16.44,"岐阜県多治見市"
"995","21205",324254,35257,10.87,"岐阜県関市"
"996","21206",381172,135027,35.42,"岐阜県中津川市"
"997","21207",101114,3117,3.08,"岐阜県美濃市"
"998","21208",137904,51042,37.01,"岐阜県瑞浪市"
"999","21209",121727,5278,4.34,"岐阜県羽島市"
"1000","21210",284498,139946,49.19,"岐阜県恵那市"
"1001","21211",133930,35385,26.42,"岐阜県美濃加茂市"
"1002","21212",106707,46587,43.66,"岐阜県土岐市"
"1003","21213",169667,12764,7.52,"岐阜県各務原市"
"1004","21214",149650,10432,6.97,"岐阜県可児市"
"1005","21215",133714,1824,1.36,"岐阜県山県市"
"1006","21216",85480,10226,11.96,"岐阜県瑞穂市"
"1007","21217",254435,50072,19.68,"岐阜県飛騨市"
"1008","21218",151597,57935,38.22,"岐阜県本巣市"
"1009","21219",462073,21432,4.64,"岐阜県郡上市"
"1010","21220",376872,22847,6.06,"岐阜県下呂市"
"1011","21221",117838,42944,36.44,"岐阜県海津市"
"1012","21302",25415,21,0.08,"岐阜県岐南町"
"1013","21303",25723,386,1.5,"岐阜県笠松町"
"1014","21341",113515,6253,5.51,"岐阜県養老町"
"1015","21361",77751,11575,14.89,"岐阜県垂井町"
"1016","21362",42353,240,0.57,"岐阜県関ケ原町"
"1017","21381",38368,4632,12.07,"岐阜県神戸町"
"1018","21382",44491,5378,12.09,"岐阜県輪之内町"
"1019","21383",52486,0,0,"岐阜県安八町"
"1020","21401",213232,19847,9.31,"岐阜県揖斐川町"
"1021","21403",63167,4126,6.53,"岐阜県大野町"
"1022","21404",56474,17644,31.24,"岐阜県池田町"
"1023","21421",16796,5890,35.07,"岐阜県北方町"
"1024","21501",20811,504,2.42,"岐阜県坂祝町"
"1025","21502",22400,3728,16.64,"岐阜県富加町"
"1026","21503",40525,9698,23.93,"岐阜県川辺町"
"1027","21504",58906,2827,4.8,"岐阜県七宗町"
"1028","21505",91689,4217,4.6,"岐阜県八百津町"
"1029","21506",114603,46478,40.56,"岐阜県白川町"
"1030","21507",30660,13599,44.35,"岐阜県東白川村"
"1031","21521",58875,4980,8.46,"岐阜県御嵩町"
"1032","21563",1,0,0,NA
"1033","21567",1,1,100,NA
"1034","21569",1,0,0,NA
"1035","21604",29958,6189,20.66,"岐阜県白川村"
"1036","22101",487439,60411,12.39,"静岡県静岡市葵区"
"1037","22102",229109,12951,5.65,"静岡県静岡市駿河区"
"1038","22103",447671,26113,5.83,"静岡県静岡市清水区"
"1039","22131",174655,27018,15.47,NA
"1040","22132",132137,114739,86.83,NA
"1041","22133",209972,152714,72.73,NA
"1042","22134",113975,108186,94.92,NA
"1043","22135",333117,112604,33.8,NA
"1044","22136",151958,127129,83.66,NA
"1045","22137",268271,15701,5.85,NA
"1046","22202",1,0,0,NA
"1047","22203",289688,30270,10.45,"静岡県沼津市"
"1048","22205",75040,3579,4.77,"静岡県熱海市"
"1049","22206",126127,62848,49.83,"静岡県三島市"
"1050","22207",387651,93962,24.24,"静岡県富士宮市"
"1051","22208",149934,40688,27.14,"静岡県伊東市"
"1052","22209",319648,137778,43.1,"静岡県島田市"
"1053","22210",508131,32802,6.46,"静岡県富士市"
"1054","22211",302533,229257,75.78,"静岡県磐田市"
"1055","22212",205353,61120,29.76,"静岡県焼津市"
"1056","22213",403515,198125,49.1,"静岡県掛川市"
"1057","22214",355605,26869,7.56,"静岡県藤枝市"
"1058","22215",192738,121547,63.06,"静岡県御殿場市"
"1059","22216",204494,117846,57.63,"静岡県袋井市"
"1060","22219",91976,2486,2.7,"静岡県下田市"
"1061","22220",123124,15582,12.66,"静岡県裾野市"
"1062","22221",134946,34743,25.75,"静岡県湖西市"
"1063","22222",183980,53532,29.1,"静岡県伊豆市"
"1064","22223",125779,125685,99.93,"静岡県御前崎市"
"1065","22224",173198,173059,99.92,"静岡県菊川市"
"1066","22225",113734,47470,41.74,"静岡県伊豆の国市"
"1067","22226",170176,170176,100,"静岡県牧之原市"
"1068","22301",48884,1379,2.82,"静岡県東伊豆町"
"1069","22302",51227,1408,2.75,"静岡県河津町"
"1070","22304",88556,512,0.58,"静岡県南伊豆町"
"1071","22305",53926,5429,10.07,"静岡県松崎町"
"1072","22306",52748,4202,7.97,"静岡県西伊豆町"
"1073","22325",69945,47437,67.82,"静岡県函南町"
"1074","22341",37757,10378,27.49,"静岡県清水町"
"1075","22342",52054,39480,75.84,"静岡県長泉町"
"1076","22344",81507,70944,87.04,"静岡県小山町"
"1077","22361",185,183,98.92,NA
"1078","22382",1,0,0,NA
"1079","22383",3081,0,0,NA
"1080","22424",45875,45684,99.58,"静岡県吉田町"
"1081","22429",88424,5595,6.33,"静岡県川根本町"
"1082","22461",72800,51511,70.76,"静岡県森町"
"1083","23101",49859,281,0.56,"愛知県名古屋市千種区"
"1084","23102",20367,1658,8.14,"愛知県名古屋市東区"
"1085","23103",66900,2646,3.96,"愛知県名古屋市北区"
"1086","23104",64714,9682,14.96,"愛知県名古屋市西区"
"1087","23105",70387,11128,15.81,"愛知県名古屋市中村区"
"1088","23106",24851,13395,53.9,"愛知県名古屋市中区"
"1089","23107",35800,0,0,"愛知県名古屋市昭和区"
"1090","23108",40500,0,0,"愛知県名古屋市瑞穂区"
"1091","23109",23591,0,0,"愛知県名古屋市熱田区"
"1092","23110",112410,5067,4.51,"愛知県名古屋市中川区"
"1093","23111",77228,8135,10.53,"愛知県名古屋市港区"
"1094","23112",65259,1342,2.06,"愛知県名古屋市南区"
"1095","23113",94609,10959,11.58,"愛知県名古屋市守山区"
"1096","23114",125829,37557,29.85,"愛知県名古屋市緑区"
"1097","23115",49005,981,2,"愛知県名古屋市名東区"
"1098","23116",56052,4468,7.97,"愛知県名古屋市天白区"
"1099","23201",490984,27248,5.55,"愛知県豊橋市"
"1100","23202",586851,39981,6.81,"愛知県岡崎市"
"1101","23203",429487,14494,3.37,"愛知県一宮市"
"1102","23204",158474,19576,12.35,"愛知県瀬戸市"
"1103","23205",117311,7119,6.07,"愛知県半田市"
"1104","23206",220268,52879,24.01,"愛知県春日井市"
"1105","23207",317317,2291,0.72,"愛知県豊川市"
"1106","23208",72411,2461,3.4,"愛知県津島市"
"1107","23209",93031,5873,6.31,"愛知県碧南市"
"1108","23210",134377,18286,13.61,"愛知県刈谷市"
"1109","23211",942862,57765,6.13,"愛知県豊田市"
"1110","23212",208454,14871,7.13,"愛知県安城市"
"1111","23214",181386,4188,2.31,"愛知県蒲郡市"
"1112","23215",127453,105,0.08,"愛知県犬山市"
"1113","23216",120344,4749,3.95,"愛知県常滑市"
"1114","23217",107744,27925,25.92,"愛知県江南市"
"1115","23219",177743,12016,6.76,"愛知県小牧市"
"1116","23220",224055,8038,3.59,"愛知県稲沢市"
"1117","23221",355529,983,0.28,"愛知県新城市"
"1118","23222",114176,2769,2.43,"愛知県東海市"
"1119","23223",113041,6137,5.43,"愛知県大府市"
"1120","23224",111998,9010,8.04,"愛知県知多市"
"1121","23225",62322,7896,12.67,"愛知県知立市"
"1122","23226",58469,10782,18.44,"愛知県尾張旭市"
"1123","23227",47002,3,0.01,"愛知県高浜市"
"1124","23228",43176,9225,21.37,"愛知県岩倉市"
"1125","23229",69007,16713,24.22,"愛知県豊明市"
"1126","23230",84296,4270,5.07,"愛知県日進市"
"1127","23231",282238,8231,2.92,"愛知県田原市"
"1128","23232",133777,33,0.02,"愛知県愛西市"
"1129","23233",60095,7383,12.29,"愛知県清須市"
"1130","23234",64314,1117,1.74,"愛知県北名古屋市"
"1131","23235",73646,2211,3,"愛知県弥富市"
"1132","23236",62921,34999,55.62,"愛知県みよし市"
"1133","23237",101906,2915,2.86,"愛知県あま市"
"1134","23238",44963,6375,14.18,"愛知県長久手市"
"1135","23302",48266,7699,15.95,"愛知県東郷町"
"1136","23342",17230,26,0.15,"愛知県豊山町"
"1137","23345",8,0,0,NA
"1138","23361",36419,35800,98.3,"愛知県大口町"
"1139","23362",36251,15838,43.69,"愛知県扶桑町"
"1140","23421",27,0,0,NA
"1141","23422",22,0,0,NA
"1142","23423",88,0,0,NA
"1143","23424",28178,2467,8.76,"愛知県大治町"
"1144","23425",39792,1579,3.97,"愛知県蟹江町"
"1145","23427",14542,1381,9.5,"愛知県飛島村"
"1146","23441",63705,1536,2.41,"愛知県阿久比町"
"1147","23442",79142,861,1.09,"愛知県東浦町"
"1148","23445",83792,0,0,"愛知県南知多町"
"1149","23446",94297,1443,1.53,"愛知県美浜町"
"1150","23447",61519,1254,2.04,"愛知県武豊町"
"1151","23481",2116,778,36.77,NA
"1152","23482",3675,1812,49.31,NA
"1153","23483",1756,1430,81.44,NA
"1154","23501",105103,8019,7.63,"愛知県幸田町"
"1155","23521",115,9,7.83,NA
"1156","23561",102467,2700,2.63,"愛知県設楽町"
"1157","23562",59145,284,0.48,"愛知県東栄町"
"1158","23563",38518,145,0.38,"愛知県豊根村"
"1159","24201",796776,71556,8.98,"三重県津市"
"1160","24202",437400,54947,12.56,"三重県四日市市"
"1161","24203",264095,30331,11.48,"三重県伊勢市"
"1162","24204",543334,61486,11.32,"三重県松阪市"
"1163","24205",231451,15229,6.58,"三重県桑名市"
"1164","24207",370851,21854,5.89,"三重県鈴鹿市"
"1165","24208",176259,19162,10.87,"三重県名張市"
"1166","24209",51874,559,1.08,"三重県尾鷲市"
"1167","24210",180171,4274,2.37,"三重県亀山市"
"1168","24211",70268,25665,36.52,"三重県鳥羽市"
"1169","24212",169499,2991,1.76,"三重県熊野市"
"1170","24214",225858,27084,11.99,"三重県いなべ市"
"1171","24215",217609,94073,43.23,"三重県志摩市"
"1172","24216",718594,122804,17.09,"三重県伊賀市"
"1173","24302",1,0,0,NA
"1174","24303",17921,4954,27.64,"三重県木曽岬町"
"1175","24322",4,0,0,NA
"1176","24324",44549,20758,46.6,"三重県東員町"
"1177","24341",96454,1737,1.8,"三重県菰野町"
"1178","24343",16615,2975,17.91,"三重県朝日町"
"1179","24344",19254,3860,20.05,"三重県川越町"
"1180","24382",74,0,0,NA
"1181","24384",1,0,0,NA
"1182","24405",2,0,0,NA
"1183","24422",1,0,0,NA
"1184","24441",136600,22995,16.83,"三重県多気町"
"1185","24442",73496,3845,5.23,"三重県明和町"
"1186","24443",113413,8205,7.23,"三重県大台町"
"1187","24461",63614,212,0.33,"三重県玉城町"
"1188","24470",104560,6948,6.64,"三重県度会町"
"1189","24471",79000,2577,3.26,"三重県大紀町"
"1190","24472",137207,2330,1.7,"三重県南伊勢町"
"1191","24543",101269,5608,5.54,"三重県紀北町"
"1192","24561",73849,13812,18.7,"三重県御浜町"
"1193","24562",94376,5401,5.72,"三重県紀宝町"
"1194","25201",376756,50254,13.34,"滋賀県大津市"
"1195","25202",217597,11040,5.07,"滋賀県彦根市"
"1196","25203",479188,115791,24.16,"滋賀県長浜市"
"1197","25204",153395,28650,18.68,"滋賀県近江八幡市"
"1198","25205",66,0,0,NA
"1199","25206",117185,9018,7.7,"滋賀県草津市"
"1200","25207",104069,13387,12.86,"滋賀県守山市"
"1201","25208",78819,9426,11.96,"滋賀県栗東市"
"1202","25209",339599,35642,10.5,"滋賀県甲賀市"
"1203","25210",94279,16200,17.18,"滋賀県野洲市"
"1204","25211",65541,10602,16.18,"滋賀県湖南市"
"1205","25212",293477,68847,23.46,"滋賀県高島市"
"1206","25213",336726,82987,24.65,"滋賀県東近江市"
"1207","25214",192090,32490,16.91,"滋賀県米原市"
"1208","25361",2,0,0,NA
"1209","25381",6,0,0,NA
"1210","25383",115787,22802,19.69,"滋賀県日野町"
"1211","25384",39639,16820,42.43,"滋賀県竜王町"
"1212","25421",2,2,100,NA
"1213","25425",64192,16747,26.09,"滋賀県愛荘町"
"1214","25441",18937,4641,24.51,"滋賀県豊郷町"
"1215","25442",21533,9124,42.37,"滋賀県甲良町"
"1216","25443",61345,5965,9.72,"滋賀県多賀町"
"1217","26101",77785,3808,4.9,"京都府京都市北区"
"1218","26102",40825,5310,13.01,"京都府京都市上京区"
"1219","26103",133471,5393,4.04,"京都府京都市左京区"
"1220","26104",48047,3728,7.76,"京都府京都市中京区"
"1221","26105",30263,2397,7.92,"京都府京都市東山区"
"1222","26106",40443,3144,7.77,"京都府京都市下京区"
"1223","26107",51716,11968,23.14,"京都府京都市南区"
"1224","26108",188020,10865,5.78,"京都府京都市右京区"
"1225","26109",158682,13992,8.82,"京都府京都市伏見区"
"1226","26110",88980,5009,5.63,"京都府京都市山科区"
"1227","26111",98323,15244,15.5,"京都府京都市西京区"
"1228","26201",497415,183981,36.99,"京都府福知山市"
"1229","26202",336908,6027,1.79,"京都府舞鶴市"
"1230","26203",296678,19577,6.6,"京都府綾部市"
"1231","26204",134797,4254,3.16,"京都府宇治市"
"1232","26205",159388,28926,18.15,"京都府宮津市"
"1233","26206",220360,16607,7.54,"京都府亀岡市"
"1234","26207",77537,4506,5.81,"京都府城陽市"
"1235","26208",38623,285,0.74,"京都府向日市"
"1236","26209",62770,928,1.48,"京都府長岡京市"
"1237","26210",60719,7417,12.22,"京都府八幡市"
"1238","26211",81526,75058,92.07,"京都府京田辺市"
"1239","26212",512357,33845,6.61,"京都府京丹後市"
"1240","26214",130312,58048,44.55,"京都府木津川市"
"1241","26303",16126,766,4.75,"京都府大山崎町"
"1242","26322",27100,3468,12.8,"京都府久御山町"
"1243","26343",24529,1060,4.32,"京都府井手町"
"1244","26344",39727,1326,3.34,"京都府宇治田原町"
"1245","26364",15324,0,0,"京都府笠置町"
"1246","26365",35594,17305,48.62,"京都府和束町"
"1247","26366",57539,1063,1.85,"京都府精華町"
"1248","26367",34125,825,2.42,"京都府南山城村"
"1249","26407",184247,14670,7.96,"京都府京丹波町"
"1250","26463",63430,757,1.19,"京都府伊根町"
"1251","26465",117143,44880,38.31,"京都府与謝野町"
"1252","27102",20884,2,0.01,"大阪府大阪市都島区"
"1253","27103",22984,85,0.37,"大阪府大阪市福島区"
"1254","27104",20819,442,2.12,"大阪府大阪市此花区"
"1255","27106",21531,0,0,"大阪府大阪市西区"
"1256","27107",20342,15485,76.12,"大阪府大阪市港区"
"1257","27108",25081,9561,38.12,"大阪府大阪市大正区"
"1258","27109",18050,1151,6.38,"大阪府大阪市天王寺区"
"1259","27111",15511,3298,21.26,"大阪府大阪市浪速区"
"1260","27113",31687,316,1,"大阪府大阪市西淀川区"
"1261","27114",45774,0,0,"大阪府大阪市東淀川区"
"1262","27115",32582,0,0,"大阪府大阪市東成区"
"1263","27116",62139,0,0,"大阪府大阪市生野区"
"1264","27117",32566,8,0.02,"大阪府大阪市旭区"
"1265","27118",42710,16,0.04,"大阪府大阪市城東区"
"1266","27119",39000,0,0,"大阪府大阪市阿倍野区"
"1267","27120",47982,0,0,"大阪府大阪市住吉区"
"1268","27121",53392,0,0,"大阪府大阪市東住吉区"
"1269","27122",48541,4268,8.79,"大阪府大阪市西成区"
"1270","27123",45587,6552,14.37,"大阪府大阪市淀川区"
"1271","27124",33910,2949,8.7,"大阪府大阪市鶴見区"
"1272","27125",32805,3566,10.87,"大阪府大阪市住之江区"
"1273","27126",66611,5380,8.08,"大阪府大阪市平野区"
"1274","27127",32728,123,0.38,"大阪府大阪市北区"
"1275","27128",33866,2497,7.37,"大阪府大阪市中央区"
"1276","27141",62859,396,0.63,"大阪府堺市堺区"
"1277","27142",77503,779,1.01,"大阪府堺市中区"
"1278","27143",54172,32,0.06,"大阪府堺市東区"
"1279","27144",77182,4051,5.25,"大阪府堺市西区"
"1280","27145",73102,2130,2.91,"大阪府堺市南区"
"1281","27146",57399,2620,4.56,"大阪府堺市北区"
"1282","27147",38627,240,0.62,"大阪府堺市美原区"
"1283","27201",1,0,0,NA
"1284","27202",182422,10979,6.02,"大阪府岸和田市"
"1285","27203",153318,8064,5.26,"大阪府豊中市"
"1286","27204",65212,587,0.9,"大阪府池田市"
"1287","27205",107468,2321,2.16,"大阪府吹田市"
"1288","27206",41552,1750,4.21,"大阪府泉大津市"
"1289","27207",230841,4577,1.98,"大阪府高槻市"
"1290","27208",93430,4100,4.39,"大阪府貝塚市"
"1291","27209",65092,16447,25.27,"大阪府守口市"
"1292","27210",228502,32830,14.37,"大阪府枚方市"
"1293","27211",163873,22339,13.63,"大阪府茨木市"
"1294","27212",168190,1383,0.82,"大阪府八尾市"
"1295","27213",103595,2682,2.59,"大阪府泉佐野市"
"1296","27214",89664,8099,9.03,"大阪府富田林市"
"1297","27215",132254,3827,2.89,"大阪府寝屋川市"
"1298","27216",114278,10146,8.88,"大阪府河内長野市"
"1299","27217",80859,1128,1.4,"大阪府松原市"
"1300","27218",71418,1817,2.54,"大阪府大東市"
"1301","27219",157404,9662,6.14,"大阪府和泉市"
"1302","27220",84155,10324,12.27,"大阪府箕面市"
"1303","27221",65590,0,0,"大阪府柏原市"
"1304","27222",91435,0,0,"大阪府羽曳野市"
"1305","27223",68173,4381,6.43,"大阪府門真市"
"1306","27224",51714,4053,7.84,"大阪府摂津市"
"1307","27225",35142,1460,4.15,"大阪府高石市"
"1308","27226",42384,656,1.55,"大阪府藤井寺市"
"1309","27227",270725,8730,3.22,"大阪府東大阪市"
"1310","27228",69465,3842,5.53,"大阪府泉南市"
"1311","27229",43546,17315,39.76,"大阪府四條畷市"
"1312","27230",63055,582,0.92,"大阪府交野市"
"1313","27231",37886,189,0.5,"大阪府大阪狭山市"
"1314","27232",54178,5334,9.85,"大阪府阪南市"
"1315","27301",18945,118,0.62,"大阪府島本町"
"1316","27321",34302,1325,3.86,"大阪府豊能町"
"1317","27322",57998,8898,15.34,"大阪府能勢町"
"1318","27341",12885,0,0,"大阪府忠岡町"
"1319","27361",45791,4776,10.43,"大阪府熊取町"
"1320","27362",7234,6878,95.08,"大阪府田尻町"
"1321","27366",40257,430,1.07,"大阪府岬町"
"1322","27381",26284,70,0.27,"大阪府太子町"
"1323","27382",33213,1030,3.1,"大阪府河南町"
"1324","27383",20488,177,0.86,"大阪府千早赤阪村"
"1325","28101",52778,11184,21.19,"兵庫県神戸市東灘区"
"1326","28102",45927,18346,39.95,"兵庫県神戸市灘区"
"1327","28105",38268,20376,53.25,"兵庫県神戸市兵庫区"
"1328","28106",47368,3761,7.94,"兵庫県神戸市長田区"
"1329","28107",62454,9403,15.06,"兵庫県神戸市須磨区"
"1330","28108",96113,10728,11.16,"兵庫県神戸市垂水区"
"1331","28109",235880,67353,28.55,"兵庫県神戸市北区"
"1332","28110",35846,25296,70.57,"兵庫県神戸市中央区"
"1333","28111",211057,97114,46.01,"兵庫県神戸市西区"
"1334","28201",675304,158850,23.52,"兵庫県姫路市"
"1335","28202",184462,23540,12.76,"兵庫県尼崎市"
"1336","28203",171360,105335,61.47,"兵庫県明石市"
"1337","28204",186652,21463,11.5,"兵庫県西宮市"
"1338","28205",213241,18096,8.49,"兵庫県洲本市"
"1339","28206",28475,5234,18.38,"兵庫県芦屋市"
"1340","28207",101409,12093,11.92,"兵庫県伊丹市"
"1341","28208",78267,17212,21.99,"兵庫県相生市"
"1342","28209",547989,63605,11.61,"兵庫県豊岡市"
"1343","28210",285798,165277,57.83,"兵庫県加古川市"
"1344","28212",110633,14641,13.23,"兵庫県赤穂市"
"1345","28213",104666,32773,31.31,"兵庫県西脇市"
"1346","28214",142158,21712,15.27,"兵庫県宝塚市"
"1347","28215",215978,109455,50.68,"兵庫県三木市"
"1348","28216",78538,68907,87.74,"兵庫県高砂市"
"1349","28217",120814,23232,19.23,"兵庫県川西市"
"1350","28218",114529,92132,80.44,"兵庫県小野市"
"1351","28219",169147,41583,24.58,"兵庫県三田市"
"1352","28220",183865,66489,36.16,"兵庫県加西市"
"1353","28221",290230,27809,9.58,"兵庫県丹波篠山市"
"1354","28222",209948,43740,20.83,"兵庫県養父市"
"1355","28223",341049,182546,53.52,"兵庫県丹波市"
"1356","28224",237235,145564,61.36,"兵庫県南あわじ市"
"1357","28225",190245,102484,53.87,"兵庫県朝来市"
"1358","28227",228181,196339,86.05,"兵庫県宍粟市"
"1359","28228",158390,76564,48.34,"兵庫県加東市"
"1360","28229",236277,78118,33.06,"兵庫県たつの市"
"1361","28301",63860,22161,34.7,"兵庫県猪名川町"
"1362","28365",84123,47505,56.47,"兵庫県多可町"
"1363","28381",62411,46498,74.5,"兵庫県稲美町"
"1364","28382",28979,3549,12.25,"兵庫県播磨町"
"1365","28442",54049,44894,83.06,"兵庫県市川町"
"1366","28443",56382,46242,82.02,"兵庫県福崎町"
"1367","28446",58212,49965,85.83,"兵庫県神河町"
"1368","28464",56767,5893,10.38,"兵庫県太子町"
"1369","28481",87507,38711,44.24,"兵庫県上郡町"
"1370","28501",235040,50223,21.37,"兵庫県佐用町"
"1371","28585",186594,32279,17.3,"兵庫県香美町"
"1372","28586",139461,7253,5.2,"兵庫県新温泉町"
"1373","29201",433312,81337,18.77,"奈良県奈良市"
"1374","29202",54034,28848,53.39,"奈良県大和高田市"
"1375","29203",111512,2625,2.35,"奈良県大和郡山市"
"1376","29204",135124,12483,9.24,"奈良県天理市"
"1377","29205",122667,3189,2.6,"奈良県橿原市"
"1378","29206",140890,6303,4.47,"奈良県桜井市"
"1379","29207",171959,28269,16.44,"奈良県五條市"
"1380","29208",89225,2460,2.76,"奈良県御所市"
"1381","29209",126440,21775,17.22,"奈良県生駒市"
"1382","29210",64661,33217,51.37,"奈良県香芝市"
"1383","29211",63234,61034,96.52,"奈良県葛城市"
"1384","29212",214574,81712,38.08,"奈良県宇陀市"
"1385","29322",68722,61853,90,"奈良県山添村"
"1386","29342",39775,23817,59.88,"奈良県平群町"
"1387","29343",19333,6908,35.73,"奈良県三郷町"
"1388","29344",39239,6847,17.45,"奈良県斑鳩町"
"1389","29345",14229,376,2.64,"奈良県安堵町"
"1390","29361",15189,50,0.33,"奈良県川西町"
"1391","29362",11353,0,0,"奈良県三宅町"
"1392","29363",57484,2531,4.4,"奈良県田原本町"
"1393","29385",23642,2633,11.14,"奈良県曽爾村"
"1394","29386",31254,4332,13.86,"奈良県御杖村"
"1395","29401",33374,470,1.41,"奈良県高取町"
"1396","29402",33864,13047,38.53,"奈良県明日香村"
"1397","29424",18650,3939,21.12,"奈良県上牧町"
"1398","29425",19179,8244,42.98,"奈良県王寺町"
"1399","29426",39858,33743,84.66,"奈良県広陵町"
"1400","29427",22542,10773,47.79,"奈良県河合町"
"1401","29441",60627,45486,75.03,"奈良県吉野町"
"1402","29442",42055,37860,90.02,"奈良県大淀町"
"1403","29443",45584,24500,53.75,"奈良県下市町"
"1404","29444",14358,7353,51.21,"奈良県黒滝村"
"1405","29446",22749,10877,47.81,"奈良県天川村"
"1406","29447",10251,399,3.89,"奈良県野迫川村"
"1407","29449",63652,138,0.22,"奈良県十津川村"
"1408","29450",12089,6069,50.2,"奈良県下北山村"
"1409","29451",7615,2039,26.78,"奈良県上北山村"
"1410","29452",32299,159,0.49,"奈良県川上村"
"1411","29453",34059,3138,9.21,"奈良県東吉野村"
"1412","30201",397334,121081,30.47,"和歌山県和歌山市"
"1413","30202",128232,121365,94.64,"和歌山県海南市"
"1414","30203",134377,76952,57.27,"和歌山県橋本市"
"1415","30204",52664,47035,89.31,"和歌山県有田市"
"1416","30205",59322,32655,55.05,"和歌山県御坊市"
"1417","30206",299799,185524,61.88,"和歌山県田辺市"
"1418","30207",83709,19272,23.02,"和歌山県新宮市"
"1419","30208",206019,199334,96.76,"和歌山県紀の川市"
"1420","30209",57782,57312,99.19,"和歌山県岩出市"
"1421","30304",75794,69912,92.24,"和歌山県紀美野町"
"1422","30341",98274,92606,94.23,"和歌山県かつらぎ町"
"1423","30343",27300,26093,95.58,"和歌山県九度山町"
"1424","30344",27799,8374,30.12,"和歌山県高野町"
"1425","30361",27004,23924,88.59,"和歌山県湯浅町"
"1426","30362",38326,38326,100,"和歌山県広川町"
"1427","30366",158784,149150,93.93,"和歌山県有田川町"
"1428","30381",14038,14038,100,"和歌山県美浜町"
"1429","30382",38048,38042,99.98,"和歌山県日高町"
"1430","30383",25255,25249,99.98,"和歌山県由良町"
"1431","30390",62025,46252,74.57,"和歌山県印南町"
"1432","30391",66786,42258,63.27,"和歌山県みなべ町"
"1433","30392",81633,79685,97.61,"和歌山県日高川町"
"1434","30401",85163,33804,39.69,"和歌山県白浜町"
"1435","30403",8,0,0,NA
"1436","30404",39069,29293,74.98,"和歌山県上富田町"
"1437","30406",38350,19073,49.73,"和歌山県すさみ町"
"1438","30421",110001,11475,10.43,"和歌山県那智勝浦町"
"1439","30422",9632,9632,100,"和歌山県太地町"
"1440","30424",51456,6017,11.69,"和歌山県古座川町"
"1441","30427",6639,4198,63.23,"和歌山県北山村"
"1442","30428",87994,19505,22.17,"和歌山県串本町"
"1443","31201",659816,163553,24.79,"鳥取県鳥取市"
"1444","31202",276870,92547,33.43,"鳥取県米子市"
"1445","31203",241303,52682,21.83,"鳥取県倉吉市"
"1446","31204",66884,10093,15.09,"鳥取県境港市"
"1447","31302",81626,30714,37.63,"鳥取県岩美町"
"1448","31325",69474,8476,12.2,"鳥取県若桜町"
"1449","31328",91366,31580,34.56,"鳥取県智頭町"
"1450","31329",127019,83252,65.54,"鳥取県八頭町"
"1451","31364",73726,42312,57.39,"鳥取県三朝町"
"1452","31368",2615,2615,100,NA
"1453","31370",87185,79505,91.19,"鳥取県湯梨浜町"
"1454","31371",106845,67225,62.92,"鳥取県琴浦町"
"1455","31372",72279,68471,94.73,"鳥取県北栄町"
"1456","31384",8581,8581,100,"鳥取県日吉津村"
"1457","31386",139372,104486,74.97,"鳥取県大山町"
"1458","31389",98252,26336,26.8,"鳥取県南部町"
"1459","31390",123856,26254,21.2,"鳥取県伯耆町"
"1460","31401",129104,40659,31.49,"鳥取県日南町"
"1461","31402",71514,8554,11.96,"鳥取県日野町"
"1462","31403",66870,14731,22.03,"鳥取県江府町"
"1463","32201",560959,339849,60.58,"島根県松江市"
"1464","32202",402001,175436,43.64,"島根県浜田市"
"1465","32203",685586,394050,57.48,"島根県出雲市"
"1466","32204",404198,56734,14.04,"島根県益田市"
"1467","32205",287002,128869,44.9,"島根県大田市"
"1468","32206",309279,129805,41.97,"島根県安来市"
"1469","32207",173739,65968,37.97,"島根県江津市"
"1470","32209",389470,369272,94.81,"島根県雲南市"
"1471","32301",1,0,0,NA
"1472","32304",6818,6808,99.85,NA
"1473","32343",210273,156245,74.31,"島根県奥出雲町"
"1474","32386",88469,81810,92.47,"島根県飯南町"
"1475","32441",40699,38450,94.47,"島根県川本町"
"1476","32448",81660,78467,96.09,"島根県美郷町"
"1477","32449",226550,150712,66.52,"島根県邑南町"
"1478","32501",138221,37532,27.15,"島根県津和野町"
"1479","32503",1,0,0,NA
"1480","32505",90125,27879,30.93,"島根県吉賀町"
"1481","32525",27882,25526,91.55,"島根県海士町"
"1482","32526",23048,18347,79.6,"島根県西ノ島町"
"1483","32527",8861,8816,99.49,"島根県知夫村"
"1484","32528",121812,100025,82.11,"島根県隠岐の島町"
"1485","33101",509325,236635,46.46,"岡山県岡山市北区"
"1486","33102",135358,61435,45.39,"岡山県岡山市中区"
"1487","33103",218747,175290,80.13,"岡山県岡山市東区"
"1488","33104",179840,134234,74.64,"岡山県岡山市南区"
"1489","33201",108512,71117,65.54,NA
"1490","33202",748717,481556,64.32,"岡山県倉敷市"
"1491","33203",465615,464825,99.83,"岡山県津山市"
"1492","33204",137931,51541,37.37,"岡山県玉野市"
"1493","33205",224176,224135,99.98,"岡山県笠岡市"
"1494","33207",287022,287022,100,"岡山県井原市"
"1495","33208",225611,224663,99.58,"岡山県総社市"
"1496","33209",402493,378013,93.92,"岡山県高梁市"
"1497","33210",363421,161478,44.43,"岡山県新見市"
"1498","33211",153486,153460,99.98,"岡山県備前市"
"1499","33212",177109,176578,99.7,"岡山県瀬戸内市"
"1500","33213",210460,208589,99.11,"岡山県赤磐市"
"1501","33214",452358,431105,95.3,"岡山県真庭市"
"1502","33215",327605,327549,99.98,"岡山県美作市"
"1503","33216",121860,121793,99.95,"岡山県浅口市"
"1504","33303",8785,808,9.2,NA
"1505","33321",8239,8239,100,NA
"1506","33322",1,0,0,NA
"1507","33323",1,1,100,NA
"1508","33346",100104,100016,99.91,"岡山県和気町"
"1509","33423",19159,19159,100,"岡山県早島町"
"1510","33445",26142,24762,94.72,"岡山県里庄町"
"1511","33461",98474,98474,100,"岡山県矢掛町"
"1512","33586",13660,13627,99.76,"岡山県新庄村"
"1513","33606",150015,149703,99.79,"岡山県鏡野町"
"1514","33622",65155,61132,93.83,"岡山県勝央町"
"1515","33623",58541,53548,91.47,"岡山県奈義町"
"1516","33643",20923,20923,100,"岡山県西粟倉村"
"1517","33645",1,1,100,NA
"1518","33646",4,4,100,NA
"1519","33663",90476,90467,99.99,"岡山県久米南町"
"1520","33666",219453,219369,99.96,"岡山県美咲町"
"1521","33681",205918,205468,99.78,"岡山県吉備中央町"
"1522","34101",35524,7420,20.89,"広島県広島市中区"
"1523","34102",91087,8641,9.49,"広島県広島市東区"
"1524","34103",73252,18050,24.64,"広島県広島市南区"
"1525","34104",82733,11735,14.18,"広島県広島市西区"
"1526","34105",244420,20808,8.51,"広島県広島市安佐南区"
"1527","34106",430096,19924,4.63,"広島県広島市安佐北区"
"1528","34107",119793,14619,12.2,"広島県広島市安芸区"
"1529","34108",193604,53305,27.53,"広島県広島市佐伯区"
"1530","34202",558930,230239,41.19,"広島県呉市"
"1531","34203",124343,9689,7.79,"広島県竹原市"
"1532","34204",453106,242707,53.57,"広島県三原市"
"1533","34205",521483,71410,13.69,"広島県尾道市"
"1534","34207",853306,395388,46.34,"広島県福山市"
"1535","34208",210762,61674,29.26,"広島県府中市"
"1536","34209",523781,380577,72.66,"広島県三次市"
"1537","34210",538408,240613,44.69,"広島県庄原市"
"1538","34211",51305,42916,83.65,"広島県大竹市"
"1539","34212",714775,668678,93.55,"広島県東広島市"
"1540","34213",213974,71993,33.65,"広島県廿日市市"
"1541","34214",390385,318112,81.49,"広島県安芸高田市"
"1542","34215",153021,143684,93.9,"広島県江田島市"
"1543","34302",29741,3437,11.56,"広島県府中町"
"1544","34304",37318,455,1.22,"広島県海田町"
"1545","34307",63550,61004,95.99,"広島県熊野町"
"1546","34309",28614,615,2.15,"広島県坂町"
"1547","34368",132067,132052,99.99,"広島県安芸太田町"
"1548","34369",368292,289960,78.73,"広島県北広島町"
"1549","34431",50869,21123,41.52,"広島県大崎上島町"
"1550","34462",211717,198986,93.99,"広島県世羅町"
"1551","34545",234716,170592,72.68,"広島県神石高原町"
"1552","35201",555447,347043,62.48,"山口県下関市"
"1553","35202",296244,57576,19.44,"山口県宇部市"
"1554","35203",585442,209816,35.84,"山口県山口市"
"1555","35204",350315,307520,87.78,"山口県萩市"
"1556","35206",227831,210212,92.27,"山口県防府市"
"1557","35207",96137,19763,20.56,"山口県下松市"
"1558","35208",557813,531521,95.29,"山口県岩国市"
"1559","35210",113409,113409,100,"山口県光市"
"1560","35211",205514,163378,79.5,"山口県長門市"
"1561","35212",155236,149230,96.13,"山口県柳井市"
"1562","35213",243604,123795,50.82,"山口県美祢市"
"1563","35215",375273,109812,29.26,"山口県周南市"
"1564","35216",128540,128152,99.7,"山口県山陽小野田市"
"1565","35305",200358,200315,99.98,"山口県周防大島町"
"1566","35321",11382,11382,100,"山口県和木町"
"1567","35341",28466,28466,100,"山口県上関町"
"1568","35343",64610,64610,100,"山口県田布施町"
"1569","35344",50047,50047,100,"山口県平生町"
"1570","35461",14,5,35.71,NA
"1571","35462",1633,1633,100,NA
"1572","35502",53667,53642,99.95,"山口県阿武町"
"1573","36201",333327,111868,33.56,"徳島県徳島市"
"1574","36202",144591,74404,51.46,"徳島県鳴門市"
"1575","36203",80182,56981,71.06,"徳島県小松島市"
"1576","36204",279516,24534,8.78,"徳島県阿南市"
"1577","36205",149459,148200,99.16,"徳島県吉野川市"
"1578","36206",189056,169125,89.46,"徳島県阿波市"
"1579","36207",226760,166263,73.32,"徳島県美馬市"
"1580","36208",286412,135519,47.32,"徳島県三好市"
"1581","36301",47537,6765,14.23,"徳島県勝浦町"
"1582","36302",35123,28338,80.68,"徳島県上勝町"
"1583","36321",34972,3564,10.19,"徳島県佐那河内村"
"1584","36341",62402,45441,72.82,"徳島県石井町"
"1585","36342",108910,16280,14.95,"徳島県神山町"
"1586","36368",137606,61277,44.53,"徳島県那賀町"
"1587","36383",24986,2099,8.4,"徳島県牟岐町"
"1588","36387",51372,5633,10.97,"徳島県美波町"
"1589","36388",85556,16166,18.9,"徳島県海陽町"
"1590","36401",20739,20452,98.62,"徳島県松茂町"
"1591","36402",23811,23143,97.19,"徳島県北島町"
"1592","36403",47352,3771,7.96,"徳島県藍住町"
"1593","36404",50504,39588,78.39,"徳島県板野町"
"1594","36405",52035,25044,48.13,"徳島県上板町"
"1595","36466",1,1,100,NA
"1596","36468",103687,86896,83.81,"徳島県つるぎ町"
"1597","36489",101582,51508,50.71,"徳島県東みよし町"
"1598","37201",651370,561812,86.25,"香川県高松市"
"1599","37202",230329,124355,53.99,"香川県丸亀市"
"1600","37203",152983,10654,6.96,"香川県坂出市"
"1601","37204",67186,65771,97.89,"香川県善通寺市"
"1602","37205",180693,88360,48.9,"香川県観音寺市"
"1603","37206",193128,193123,100,"香川県さぬき市"
"1604","37207",138816,138816,100,"香川県東かがわ市"
"1605","37208",352625,352625,100,"香川県三豊市"
"1606","37322",95296,95112,99.81,"香川県土庄町"
"1607","37324",96639,93387,96.63,"香川県小豆島町"
"1608","37341",103274,50873,49.26,"香川県三木町"
"1609","37364",9087,9087,100,"香川県直島町"
"1610","37386",16473,6278,38.11,"香川県宇多津町"
"1611","37387",122103,121471,99.48,"香川県綾川町"
"1612","37403",19862,6530,32.88,"香川県琴平町"
"1613","37404",55776,18931,33.94,"香川県多度津町"
"1614","37406",127598,113585,89.02,"香川県まんのう町"
"1615","38201",679536,301357,44.35,"愛媛県松山市"
"1616","38202",589828,417785,70.83,"愛媛県今治市"
"1617","38203",406161,198965,48.99,"愛媛県宇和島市"
"1618","38204",153189,144615,94.4,"愛媛県八幡浜市"
"1619","38205",181089,8226,4.54,"愛媛県新居浜市"
"1620","38206",347943,304171,87.42,"愛媛県西条市"
"1621","38207",339932,243836,71.73,"愛媛県大洲市"
"1622","38210",214916,214916,100,"愛媛県伊予市"
"1623","38213",262546,231679,88.24,"愛媛県四国中央市"
"1624","38214",430186,430186,100,"愛媛県西予市"
"1625","38215",130841,130161,99.48,"愛媛県東温市"
"1626","38356",47781,44270,92.65,"愛媛県上島町"
"1627","38386",218535,218508,99.99,"愛媛県久万高原町"
"1628","38401",42807,39536,92.36,"愛媛県松前町"
"1629","38402",81521,81521,100,"愛媛県砥部町"
"1630","38422",188369,188101,99.86,"愛媛県内子町"
"1631","38442",138773,138773,100,"愛媛県伊方町"
"1632","38484",51150,51150,100,"愛媛県松野町"
"1633","38488",124945,124945,100,"愛媛県鬼北町"
"1634","38506",156329,156329,100,"愛媛県愛南町"
"1635","39201",534537,138912,25.99,"高知県高知市"
"1636","39202",100272,9933,9.91,"高知県室戸市"
"1637","39203",139091,5322,3.83,"高知県安芸市"
"1638","39204",201302,30595,15.2,"高知県南国市"
"1639","39205",153321,9066,5.91,"高知県土佐市"
"1640","39206",118522,9275,7.83,"高知県須崎市"
"1641","39208",144809,31420,21.7,"高知県宿毛市"
"1642","39209",112280,26235,23.37,"高知県土佐清水市"
"1643","39210",327531,87274,26.65,"高知県四万十市"
"1644","39211",169525,36315,21.42,"高知県香南市"
"1645","39212",296120,77039,26.02,"高知県香美市"
"1646","39301",25546,3915,15.33,"高知県東洋町"
"1647","39302",20128,18822,93.51,"高知県奈半利町"
"1648","39303",10813,10758,99.49,"高知県田野町"
"1649","39304",40628,9041,22.25,"高知県安田町"
"1650","39305",31712,15148,47.77,"高知県北川村"
"1651","39306",13436,12314,91.65,"高知県馬路村"
"1652","39307",33964,17444,51.36,"高知県芸西村"
"1653","39341",58953,38229,64.85,"高知県本山町"
"1654","39344",143262,112827,78.76,"高知県大豊町"
"1655","39363",81916,65707,80.21,"高知県土佐町"
"1656","39364",7927,7927,100,"高知県大川村"
"1657","39383",10065,0,0,NA
"1658","39386",193108,85676,44.37,"高知県いの町"
"1659","39387",216092,213158,98.64,"高知県仁淀川町"
"1660","39401",58448,27566,47.16,"高知県中土佐町"
"1661","39402",99114,95988,96.85,"高知県佐川町"
"1662","39403",133545,29258,21.91,"高知県越知町"
"1663","39405",74394,74343,99.93,"高知県梼原町"
"1664","39410",45199,43554,96.36,"高知県日高村"
"1665","39411",106228,105835,99.63,"高知県津野町"
"1666","39412",210519,129130,61.34,"高知県四万十町"
"1667","39424",50481,23336,46.23,"高知県大月町"
"1668","39427",29677,29364,98.95,"高知県三原村"
"1669","39428",127531,35321,27.7,"高知県黒潮町"
"1670","40101",104846,5369,5.12,"福岡県北九州市門司区"
"1671","40103",85386,69075,80.9,"福岡県北九州市若松区"
"1672","40105",26324,98,0.37,"福岡県北九州市戸畑区"
"1673","40106",92745,1395,1.5,"福岡県北九州市小倉北区"
"1674","40107",236569,41517,17.55,"福岡県北九州市小倉南区"
"1675","40108",51484,8028,15.59,"福岡県北九州市八幡東区"
"1676","40109",196847,24450,12.42,"福岡県北九州市八幡西区"
"1677","40131",142111,12038,8.47,"福岡県福岡市東区"
"1678","40132",89427,2807,3.14,"福岡県福岡市博多区"
"1679","40133",40448,5459,13.5,"福岡県福岡市中央区"
"1680","40134",103995,2178,2.09,"福岡県福岡市南区"
"1681","40135",153192,16751,10.93,"福岡県福岡市西区"
"1682","40136",54547,4401,8.07,"福岡県福岡市城南区"
"1683","40137",123952,63537,51.26,"福岡県福岡市早良区"
"1684","40202",163909,27443,16.74,"福岡県大牟田市"
"1685","40203",458456,326567,71.23,"福岡県久留米市"
"1686","40204",114281,9011,7.88,"福岡県直方市"
"1687","40205",235803,217066,92.05,"福岡県飯塚市"
"1688","40206",85527,26197,30.63,"福岡県田川市"
"1689","40207",128882,126655,98.27,"福岡県柳川市"
"1690","40210",369787,369668,99.97,"福岡県八女市"
"1691","40211",82836,52894,63.85,"福岡県筑後市"
"1692","40212",86001,15392,17.9,"福岡県大川市"
"1693","40213",132366,120280,90.87,"福岡県行橋市"
"1694","40214",94047,94047,100,"福岡県豊前市"
"1695","40215",43382,42829,98.73,"福岡県中間市"
"1696","40216",91914,39009,42.44,"福岡県小郡市"
"1697","40217",107501,105270,97.92,"福岡県筑紫野市"
"1698","40218",42180,32236,76.42,"福岡県春日市"
"1699","40219",47247,47247,100,"福岡県大野城市"
"1700","40220",145161,137043,94.41,"福岡県宗像市"
"1701","40221",61039,55153,90.36,"福岡県太宰府市"
"1702","40223",78185,6054,7.74,"福岡県古賀市"
"1703","40224",84248,82034,97.37,"福岡県福津市"
"1704","40225",127067,127057,99.99,"福岡県うきは市"
"1705","40226",141539,22534,15.92,"福岡県宮若市"
"1706","40227",125017,123415,98.72,"福岡県嘉麻市"
"1707","40228",240487,114625,47.66,"福岡県朝倉市"
"1708","40229",133905,122541,91.51,"福岡県みやま市"
"1709","40230",237103,235700,99.41,"福岡県糸島市"
"1710","40231",61214,54869,89.63,"福岡県那珂川市"
"1711","40305",353,353,100,NA
"1712","40341",39216,39216,100,"福岡県宇美町"
"1713","40342",36770,36617,99.58,"福岡県篠栗町"
"1714","40343",23335,23335,100,"福岡県志免町"
"1715","40344",28874,28869,99.98,"福岡県須恵町"
"1716","40345",38412,2730,7.11,"福岡県新宮町"
"1717","40348",24250,24164,99.65,"福岡県久山町"
"1718","40349",32218,32218,100,"福岡県粕屋町"
"1719","40381",13116,12878,98.19,"福岡県芦屋町"
"1720","40382",21006,21003,99.99,"福岡県水巻町"
"1721","40383",51543,51315,99.56,"福岡県岡垣町"
"1722","40384",33216,33184,99.9,"福岡県遠賀町"
"1723","40401",24730,2393,9.68,"福岡県小竹町"
"1724","40402",296,296,100,"福岡県鞍手町"
"1725","40421",30561,30561,100,"福岡県桂川町"
"1726","40444",5,5,100,NA
"1727","40447",84428,44647,52.88,"福岡県筑前町"
"1728","40448",27984,27981,99.99,"福岡県東峰村"
"1729","40463",2,1,50,NA
"1730","40503",36134,36134,100,"福岡県大刀洗町"
"1731","40522",38912,38912,100,"福岡県大木町"
"1732","40541",19788,19788,100,NA
"1733","40543",13163,13163,100,NA
"1734","40544",57073,57073,100,"福岡県広川町"
"1735","40545",6166,6166,100,NA
"1736","40546",7190,7190,100,NA
"1737","40601",37699,16542,43.88,"福岡県香春町"
"1738","40602",65572,11724,17.88,"福岡県添田町"
"1739","40604",11986,9681,80.77,"福岡県糸田町"
"1740","40605",37497,37497,100,"福岡県川崎町"
"1741","40608",20560,3586,17.44,"福岡県大任町"
"1742","40609",19743,12271,62.15,"福岡県赤村"
"1743","40610",48296,35637,73.79,"福岡県福智町"
"1744","40621",49548,39009,78.73,"福岡県苅田町"
"1745","40625",117524,116672,99.28,"福岡県みやこ町"
"1746","40641",3,3,100,NA
"1747","40642",12982,12982,100,"福岡県吉富町"
"1748","40646",50792,50792,100,"福岡県上毛町"
"1749","40647",95258,90778,95.3,"福岡県築上町"
"1750","41201",413630,364058,88.02,"佐賀県佐賀市"
"1751","41202",565626,564661,99.83,"佐賀県唐津市"
"1752","41203",103942,100395,96.59,"佐賀県鳥栖市"
"1753","41204",86143,85725,99.51,"佐賀県多久市"
"1754","41205",287535,282750,98.34,"佐賀県伊万里市"
"1755","41206",238864,238855,100,"佐賀県武雄市"
"1756","41207",121997,121997,100,"佐賀県鹿島市"
"1757","41208",115469,115469,100,"佐賀県小城市"
"1758","41209",149438,147209,98.51,"佐賀県嬉野市"
"1759","41210",116137,106586,91.78,"佐賀県神埼市"
"1760","41302",1000,998,99.8,NA
"1761","41303",731,731,100,NA
"1762","41304",1029,1029,100,NA
"1763","41327",43296,43268,99.94,"佐賀県吉野ヶ里町"
"1764","41341",25476,25373,99.6,"佐賀県基山町"
"1765","41345",16631,16508,99.26,"佐賀県上峰町"
"1766","41346",68383,64830,94.8,"佐賀県みやき町"
"1767","41364",1,1,100,NA
"1768","41387",58021,58021,100,"佐賀県玄海町"
"1769","41401",76765,76109,99.15,"佐賀県有田町"
"1770","41423",14016,13917,99.29,"佐賀県大町町"
"1771","41424",25194,24779,98.35,"佐賀県江北町"
"1772","41425",85411,83429,97.68,"佐賀県白石町"
"1773","41441",55686,55686,100,"佐賀県太良町"
"1774","42201",638305,271373,42.51,"長崎県長崎市"
"1775","42202",623960,185047,29.66,"長崎県佐世保市"
"1776","42203",122577,63357,51.69,"長崎県島原市"
"1777","42204",382831,355691,92.91,"長崎県諫早市"
"1778","42205",147873,97809,66.14,"長崎県大村市"
"1779","42206",14,14,100,NA
"1780","42207",252643,140976,55.8,"長崎県平戸市"
"1781","42208",178028,122013,68.54,"長崎県松浦市"
"1782","42209",201396,130061,64.58,"長崎県対馬市"
"1783","42210",244388,244044,99.86,"長崎県壱岐市"
"1784","42211",261696,144610,55.26,"長崎県五島市"
"1785","42212",248677,248677,100,"長崎県西海市"
"1786","42213",244773,240719,98.34,"長崎県雲仙市"
"1787","42214",281889,253190,89.82,"長崎県南島原市"
"1788","42307",52718,51187,97.1,"長崎県長与町"
"1789","42308",43644,42826,98.13,"長崎県時津町"
"1790","42321",68488,68476,99.98,"長崎県東彼杵町"
"1791","42322",46169,46167,100,"長崎県川棚町"
"1792","42323",60857,57805,94.98,"長崎県波佐見町"
"1793","42382",2,2,100,NA
"1794","42383",28159,27918,99.14,"長崎県小値賀町"
"1795","42388",4333,4333,100,NA
"1796","42389",2450,2450,100,NA
"1797","42391",43693,43580,99.74,"長崎県佐々町"
"1798","42411",149176,149176,100,"長崎県新上五島町"
"1799","43101",83863,15571,18.57,"熊本県熊本市中央区"
"1800","43102",106615,80590,75.59,"熊本県熊本市東区"
"1801","43103",147934,2509,1.7,"熊本県熊本市西区"
"1802","43104",202263,82456,40.77,"熊本県熊本市南区"
"1803","43105",202645,69241,34.17,"熊本県熊本市北区"
"1804","43201",8725,7082,81.17,NA
"1805","43202",393662,152950,38.85,"熊本県八代市"
"1806","43203",96058,96058,100,"熊本県人吉市"
"1807","43204",89845,87877,97.81,"熊本県荒尾市"
"1808","43205",76612,76612,100,"熊本県水俣市"
"1809","43206",192252,191522,99.62,"熊本県玉名市"
"1810","43208",249275,236542,94.89,"熊本県山鹿市"
"1811","43210",184388,147343,79.91,"熊本県菊池市"
"1812","43211",83350,80650,96.76,"熊本県宇土市"
"1813","43212",137418,137399,99.99,"熊本県上天草市"
"1814","43213",209973,209438,99.75,"熊本県宇城市"
"1815","43214",130727,110677,84.66,"熊本県阿蘇市"
"1816","43215",535295,533470,99.66,"熊本県天草市"
"1817","43216",74276,73966,99.58,"熊本県合志市"
"1818","43348",114946,114946,100,"熊本県美里町"
"1819","43364",24671,24671,100,"熊本県玉東町"
"1820","43367",74163,74163,100,"熊本県南関町"
"1821","43368",30857,30651,99.33,"熊本県長洲町"
"1822","43369",99485,99485,100,"熊本県和水町"
"1823","43403",71941,70337,97.77,"熊本県大津町"
"1824","43404",47583,45764,96.18,"熊本県菊陽町"
"1825","43423",34306,23331,68.01,"熊本県南小国町"
"1826","43424",55690,28779,51.68,"熊本県小国町"
"1827","43425",18685,18671,99.93,"熊本県産山村"
"1828","43427",1,0,0,NA
"1829","43428",57425,44298,77.14,"熊本県高森町"
"1830","43432",26001,24821,95.46,"熊本県西原村"
"1831","43433",66399,66388,99.98,"熊本県南阿蘇村"
"1832","43441",90057,5171,5.74,"熊本県御船町"
"1833","43442",27215,7577,27.84,"熊本県嘉島町"
"1834","43443",76379,10982,14.38,"熊本県益城町"
"1835","43444",59109,59093,99.97,"熊本県甲佐町"
"1836","43447",259971,128224,49.32,"熊本県山都町"
"1837","43468",33269,33164,99.68,"熊本県氷川町"
"1838","43482",113781,113780,100,"熊本県芦北町"
"1839","43484",26916,26916,100,"熊本県津奈木町"
"1840","43501",52476,52476,100,"熊本県錦町"
"1841","43505",51873,23584,45.46,"熊本県多良木町"
"1842","43506",18746,18746,100,"熊本県湯前町"
"1843","43507",17538,17528,99.94,"熊本県水上村"
"1844","43510",33757,33757,100,"熊本県相良村"
"1845","43511",16675,7544,45.24,"熊本県五木村"
"1846","43512",28405,28396,99.97,"熊本県山江村"
"1847","43513",52607,52588,99.96,"熊本県球磨村"
"1848","43514",66872,66844,99.96,"熊本県あさぎり町"
"1849","43531",52411,52411,100,"熊本県苓北町"
"1850","44201",699944,112802,16.12,"大分県大分市"
"1851","44202",129646,13566,10.46,"大分県別府市"
"1852","44203",338919,126631,37.36,"大分県中津市"
"1853","44204",290159,287864,99.21,"大分県日田市"
"1854","44205",378970,286920,75.71,"大分県佐伯市"
"1855","44206",287909,25426,8.83,"大分県臼杵市"
"1856","44207",98411,19092,19.4,"大分県津久見市"
"1857","44208",332643,107421,32.29,"大分県竹田市"
"1858","44209",198988,198078,99.54,"大分県豊後高田市"
"1859","44210",237882,124270,52.24,"大分県杵築市"
"1860","44211",399811,48880,12.23,"大分県宇佐市"
"1861","44212",420626,198886,47.28,"大分県豊後大野市"
"1862","44213",187901,185889,98.93,"大分県由布市"
"1863","44214",291534,282559,96.92,"大分県国東市"
"1864","44322",11499,11488,99.9,"大分県姫島村"
"1865","44341",87026,58497,67.22,"大分県日出町"
"1866","44461",79364,46514,58.61,"大分県九重町"
"1867","44462",107640,40277,37.42,"大分県玖珠町"
"1868","44522",2,1,50,NA
"1869","45201",671969,326951,48.66,"宮崎県宮崎市"
"1870","45202",516986,446843,86.43,"宮崎県都城市"
"1871","45203",343772,123001,35.78,"宮崎県延岡市"
"1872","45204",275736,170911,61.98,"宮崎県日南市"
"1873","45205",225631,130851,57.99,"宮崎県小林市"
"1874","45206",183156,60039,32.78,"宮崎県日向市"
"1875","45207",169723,37266,21.96,"宮崎県串間市"
"1876","45208",169783,55452,32.66,"宮崎県西都市"
"1877","45209",126539,98071,77.5,"宮崎県えびの市"
"1878","45301",114,0,0,NA
"1879","45321",4997,4997,100,NA
"1880","45322",6130,5873,95.81,NA
"1881","45341",62508,60451,96.71,"宮崎県三股町"
"1882","45345",4,4,100,NA
"1883","45361",61235,61235,100,"宮崎県高原町"
"1884","45362",3579,3577,99.94,NA
"1885","45382",90367,55406,61.31,"宮崎県国富町"
"1886","45383",30797,27597,89.61,"宮崎県綾町"
"1887","45401",54205,40662,75.02,"宮崎県高鍋町"
"1888","45402",68218,68218,100,"宮崎県新富町"
"1889","45403",12691,11879,93.6,"宮崎県西米良村"
"1890","45404",29543,29242,98.98,"宮崎県木城町"
"1891","45405",82952,81597,98.37,"宮崎県川南町"
"1892","45406",53592,53103,99.09,"宮崎県都農町"
"1893","45421",51369,50009,97.35,"宮崎県門川町"
"1894","45429",38772,38772,100,"宮崎県諸塚村"
"1895","45430",41769,27685,66.28,"宮崎県椎葉村"
"1896","45431",121396,109654,90.33,"宮崎県美郷町"
"1897","45441",118662,97654,82.3,"宮崎県高千穂町"
"1898","45442",75479,72997,96.71,"宮崎県日之影町"
"1899","45443",50716,42926,84.64,"宮崎県五ヶ瀬町"
"1900","46201",734937,334327,45.49,"鹿児島県鹿児島市"
"1901","46203",334032,240459,71.99,"鹿児島県鹿屋市"
"1902","46204",103836,103836,100,"鹿児島県枕崎市"
"1903","46206",140555,138051,98.22,"鹿児島県阿久根市"
"1904","46208",215715,214404,99.39,"鹿児島県出水市"
"1905","46209",22674,22382,98.71,NA
"1906","46210",178943,163686,91.47,"鹿児島県指宿市"
"1907","46213",116933,69523,59.46,"鹿児島県西之表市"
"1908","46214",84031,43307,51.54,"鹿児島県垂水市"
"1909","46215",474514,469859,99.02,"鹿児島県薩摩川内市"
"1910","46216",317583,317583,100,"鹿児島県日置市"
"1911","46217",308830,308830,100,"鹿児島県曽於市"
"1912","46218",412182,408193,99.03,"鹿児島県霧島市"
"1913","46219",119048,113619,95.44,"鹿児島県いちき串木野市"
"1914","46220",337718,337441,99.92,"鹿児島県南さつま市"
"1915","46221",202622,202617,100,"鹿児島県志布志市"
"1916","46222",119671,53770,44.93,"鹿児島県奄美市"
"1917","46223",432187,432123,99.99,"鹿児島県南九州市"
"1918","46224",172116,170752,99.21,"鹿児島県伊佐市"
"1919","46225",184181,182390,99.03,"鹿児島県姶良市"
"1920","46303",3850,1429,37.12,"鹿児島県三島村"
"1921","46304",11254,4908,43.61,"鹿児島県十島村"
"1922","46392",197639,196214,99.28,"鹿児島県さつま町"
"1923","46404",104731,104631,99.9,"鹿児島県長島町"
"1924","46421",10321,9978,96.68,NA
"1925","46441",6255,6223,99.49,NA
"1926","46442",6841,6841,100,NA
"1927","46443",8164,8093,99.13,NA
"1928","46452",85233,84994,99.72,"鹿児島県湧水町"
"1929","46468",107827,107827,100,"鹿児島県大崎町"
"1930","46482",32736,32736,100,"鹿児島県東串良町"
"1931","46490",61301,57777,94.25,"鹿児島県錦江町"
"1932","46491",91045,45352,49.81,"鹿児島県南大隅町"
"1933","46492",90838,66833,73.57,"鹿児島県肝付町"
"1934","46501",82552,68678,83.19,"鹿児島県中種子町"
"1935","46502",59286,45952,77.51,"鹿児島県南種子町"
"1936","46505",97961,97949,99.99,"鹿児島県屋久島町"
"1937","46523",23702,6631,27.98,"鹿児島県大和村"
"1938","46524",31637,9903,31.3,"鹿児島県宇検村"
"1939","46525",76249,18065,23.69,"鹿児島県瀬戸内町"
"1940","46527",34996,27330,78.09,"鹿児島県龍郷町"
"1941","46529",69628,29847,42.87,"鹿児島県喜界町"
"1942","46530",74237,34095,45.93,"鹿児島県徳之島町"
"1943","46531",36265,19873,54.8,"鹿児島県天城町"
"1944","46532",47281,19243,40.7,"鹿児島県伊仙町"
"1945","46533",43498,43008,98.87,"鹿児島県和泊町"
"1946","46534",45469,44525,97.92,"鹿児島県知名町"
"1947","46535",29716,29716,100,"鹿児島県与論町"
"1948","47201",134263,134263,100,"沖縄県那覇市"
"1949","47205",62322,61962,99.42,"沖縄県宜野湾市"
"1950","47207",110111,109392,99.35,"沖縄県石垣市"
"1951","47208",66352,66286,99.9,"沖縄県浦添市"
"1952","47209",137591,137416,99.87,"沖縄県名護市"
"1953","47210",82630,82327,99.63,"沖縄県糸満市"
"1954","47211",108337,106728,98.51,"沖縄県沖縄市"
"1955","47212",47768,47768,100,"沖縄県豊見城市"
"1956","47213",208760,197021,94.38,"沖縄県うるま市"
"1957","47214",202181,170847,84.5,"沖縄県宮古島市"
"1958","47215",110775,110775,100,"沖縄県南城市"
"1959","47301",48372,48372,100,"沖縄県国頭村"
"1960","47302",37141,37141,100,"沖縄県大宜味村"
"1961","47303",15657,15657,100,"沖縄県東村"
"1962","47306",52916,52916,100,"沖縄県今帰仁村"
"1963","47308",75339,75339,100,"沖縄県本部町"
"1964","47311",49728,49727,100,"沖縄県恩納村"
"1965","47313",23995,23995,100,"沖縄県宜野座村"
"1966","47314",34829,34829,100,"沖縄県金武町"
"1967","47315",29773,29773,100,"沖縄県伊江村"
"1968","47324",62212,62180,99.95,"沖縄県読谷村"
"1969","47325",21239,21080,99.25,"沖縄県嘉手納町"
"1970","47326",29676,28705,96.73,"沖縄県北谷町"
"1971","47327",31007,30722,99.08,"沖縄県北中城村"
"1972","47328",37474,37472,99.99,"沖縄県中城村"
"1973","47329",38539,38539,100,"沖縄県西原町"
"1974","47348",17179,17179,100,"沖縄県与那原町"
"1975","47350",33599,33599,100,"沖縄県南風原町"
"1976","47353",6521,6521,100,"沖縄県渡嘉敷村"
"1977","47354",9006,9006,100,"沖縄県座間味村"
"1978","47355",20247,20247,100,"沖縄県粟国村"
"1979","47356",6968,6968,100,"沖縄県渡名喜村"
"1980","47357",10171,10171,100,"沖縄県南大東村"
"1981","47358",3414,3413,99.97,"沖縄県北大東村"
"1982","47359",16097,16097,100,"沖縄県伊平屋村"
"1983","47360",23833,23833,100,"沖縄県伊是名村"
"1984","47361",63731,63731,100,"沖縄県久米島町"
"1985","47362",54675,54675,100,"沖縄県八重瀬町"
"1986","47375",9507,9507,100,"沖縄県多良間村"
"1987","47381",43972,41858,95.19,"沖縄県竹富町"
"1988","47382",9854,9854,100,"沖縄県与那国町"
"1989","15210",642313,294994,45.93,"新潟県十日町市"
"1990","23213",347687,59943,17.24,"愛知県西尾市"
"1991","26213",245398,23769,9.69,"京都府南丹市"
"1992","28226",293986,59268,20.16,"兵庫県淡路市"
